lead_id,created_date,lead_source,status,rep_id,converted_account_id
L00001,2024-11-02,Webinar,Open,R006,
L00002,2024-05-20,Conference,Disqualified,R025,
L00003,2024-08-16,,disqualified,R022,
L00004,2024-10-20,Website,DISQUALIFIED,R011,
L00005,2023-11-20,Referral,disqualified,R015,
L00006,2024-04-25,Conference,Open,R021,
L00007,2024-08-28,Webinar,Converted,R012,A0071
L00008,2023-03-17,Cold Call, Disqualified ,R015,
L00009,2023-02-28,Cold Call, CONVERTED ,R010,A0010
L00010,2024-10-22,Webinar,Open,R020,
L00011,2024-06-03,Conference,DISQUALIFIED,R015,
L00012,2024-07-21,Webinar,disqualified,R015,
L00013,2024-10-29,Referral,DISQUALIFIED,R011,
L00014,2024-05-02,Website,Disqualified,R005,
L00015,2024-04-06,Webinar,open,R011,
L00016,2023-03-28,Website, DISQUALIFIED ,R021,
L00017,2023-02-10,,Open,R023,
L00018,2024-06-20,Website, CONVERTED ,R020,A0113
L00019,2024-01-08,Cold Call,Open,R010,
L00020,2023-12-13,Website,converted,R002,A0105
L00021,2024-10-24,Cold Call,DISQUALIFIED,R003,
L00022,2024-07-25,Conference, CONVERTED ,R010,A0025
L00023,2024-11-03,Website,converted,R005,A0186
L00024,2024-08-19,Referral,CONVERTED,R012,A0021
L00025,2024-12-16,Conference, Converted ,R005,A0168
L00026,2024-12-26,Webinar,Disqualified,R010,
L00027,2024-01-21,Cold Call,disqualified,R005,
L00028,2024-12-20,Website,Disqualified,R003,
L00029,2024-11-17,Conference,Disqualified,R017,
L00030,2024-01-07,Cold Call,Converted,R006,A0005
L00031,2023-12-16,Conference,OPEN,R007,
L00032,2023-05-21,Referral,OPEN,R003,
L00033,2024-06-03,Website,Converted,R024,A0026
L00034,2023-02-08,Cold Call,Disqualified,R025,
L00035,2023-05-15,Website, disqualified ,R013,
L00036,2023-06-16,Referral, Open ,R023,
L00037,2023-06-19,Conference,DISQUALIFIED,R002,
L00038,2024-11-23,Referral,CONVERTED,R015,A0094
L00039,2023-10-19,Conference,DISQUALIFIED,R008,
L00040,2023-09-02,Cold Call,DISQUALIFIED,,
L00041,2024-01-12,Website,open,R015,
L00042,2023-10-16,Conference,CONVERTED,R017,A0197
L00043,2024-03-04,Referral, DISQUALIFIED ,R007,
L00044,2023-05-22,Cold Call,Disqualified,R002,
L00045,2024-05-07,Cold Call,DISQUALIFIED,R018,
L00046,2024-12-29,Website,open,R004,
L00047,2023-06-14,Cold Call, Converted ,R015,A0022
L00048,2023-05-31,Conference,disqualified,R003,
L00049,2024-04-06,Cold Call,OPEN,R001,
L00050,2024-02-10,Website,Converted,R012,A0014
L00051,2024-01-31,Webinar,Open,R012,
L00052,2023-01-29,Cold Call, open ,R004,
L00053,2024-10-27,Cold Call, Disqualified ,R005,
L00054,2023-02-09,Cold Call, Open ,R016,
L00055,2023-05-23,, disqualified ,R015,
L00056,2023-01-06,Webinar,Disqualified,R001,
L00057,2023-06-03,Website, CONVERTED ,R024,A0056
L00058,2024-06-24,Conference,disqualified,R004,
L00059,2023-11-05,Webinar,converted,R002,A0061
L00060,2024-03-05,Website,open,R015,
L00061,2023-04-24,Conference,Open,,
L00062,2023-01-17,Website,disqualified,R019,
L00063,2023-05-28,Cold Call,OPEN,R014,
L00064,2024-09-21,Cold Call,OPEN,R008,
L00065,2024-03-02,Referral, DISQUALIFIED ,R022,
L00066,2023-03-29,,DISQUALIFIED,R012,
L00067,2024-06-22,Website, OPEN ,R017,
L00068,2024-07-21,Webinar,DISQUALIFIED,R013,
L00069,2024-10-12,Conference,CONVERTED,R012,A0012
L00070,2023-01-17,Cold Call,Converted,R003,A0192
L00071,2024-11-03,Webinar, converted ,R025,A0062
L00072,2023-12-07,Referral, disqualified ,R002,
L00073,2023-12-13,Referral, CONVERTED ,R025,A0140
L00074,2024-04-20,Conference,disqualified,R021,
L00075,2023-05-19,Webinar,Open,R023,
L00076,2023-10-28,Referral,CONVERTED,R002,A0010
L00077,2023-02-12,Cold Call,Open,R010,
L00078,2024-02-12,,disqualified,R016,
L00079,2024-10-24,Referral,CONVERTED,R010,A0010
L00080,2023-02-18,Cold Call,CONVERTED,R009,A0200
L00081,2024-01-12,Conference,Open,R013,
L00082,2024-03-26,Conference,Disqualified,R011,
L00083,2024-05-23,Conference, open ,R012,
L00084,2023-10-01,Webinar,Disqualified,R024,
L00085,2024-03-16,Website,Converted,R006,A0021
L00086,2023-10-28,Cold Call, disqualified ,R004,
L00087,2023-12-02,Cold Call, OPEN ,R010,
L00088,2024-03-12,Referral,converted,R023,A0155
L00089,2024-04-02,Webinar, CONVERTED ,R024,A0090
L00090,2024-03-21,Cold Call,converted,R021,A0158
L00091,2023-03-18,,open,R012,
L00092,2024-11-26,Referral, Disqualified ,R001,
L00093,2024-09-14,Conference,OPEN,R002,
L00094,2023-03-10,Referral,open,R025,
L00095,2024-01-11,, Disqualified ,R013,
L00096,2023-02-03,Website,disqualified,R005,
L00097,2024-04-05,Cold Call, Disqualified ,R012,
L00098,2023-03-20,Website,converted,R005,A0196
L00099,2024-01-11,Conference, disqualified ,R011,
L00100,2023-10-13,Referral,disqualified,R004,
L00101,2023-07-10,Conference,OPEN,R017,
L00102,2023-05-01,Cold Call,CONVERTED,R025,A0144
L00103,2024-04-01,Referral,converted,R020,A0181
L00104,2024-05-17,Referral,Converted,R004,A0178
L00105,2023-03-17,Conference,OPEN,R006,
L00106,2024-03-31,Webinar, disqualified ,R022,
L00107,2023-12-22,Webinar,converted,R018,A0171
L00108,2023-10-25,Cold Call,DISQUALIFIED,R006,
L00109,2024-12-27,Referral,disqualified,R012,
L00110,2023-08-18,Webinar, disqualified ,R007,
L00111,2023-08-31,,OPEN,R001,
L00112,2024-08-09,Cold Call,Converted,R015,A0142
L00113,2023-05-13,Website,DISQUALIFIED,R003,
L00114,2023-11-13,Conference,open,R023,
L00115,2024-05-05,Website, Disqualified ,R014,
L00116,2023-03-17,Referral,CONVERTED,R011,A0148
L00117,2023-03-17,Conference,Disqualified,R015,
L00118,2024-06-13,Cold Call, Disqualified ,R005,
L00119,2024-10-17,Website, disqualified ,R006,
L00120,2024-03-19,Website,OPEN,R002,
L00121,2024-06-14,Referral,OPEN,R010,
L00122,2023-06-15,Cold Call,Open,R023,
L00123,2023-12-21,Website,OPEN,R010,
L00124,2023-09-14,Referral,OPEN,R021,
L00125,2023-10-09,Referral, disqualified ,R021,
L00126,2024-06-30,Webinar,Converted,,A0158
L00127,2023-06-22,,disqualified,R019,
L00128,2023-06-25,Website,open,R024,
L00129,2023-12-12,Website, DISQUALIFIED ,R002,
L00130,2023-03-25,Webinar, open ,R021,
L00131,2023-09-29,Referral, DISQUALIFIED ,R025,
L00132,2024-03-02,Website,disqualified,R021,
L00133,2024-05-24,Website,Open,R010,
L00134,2023-11-06,Conference, Disqualified ,R008,
L00135,2024-02-20,Cold Call,Disqualified,R015,
L00136,2024-12-06,Webinar, Open ,R006,
L00137,2024-05-10,Conference,CONVERTED,R007,A0107
L00138,2023-05-28,Cold Call,Converted,R023,A0156
L00139,2023-12-20,Conference,CONVERTED,R005,A0188
L00140,2024-07-29,Webinar,Converted,R011,A0132
L00141,2024-04-22,Webinar,Open,R009,
L00142,2023-05-25,Webinar,converted,R002,A0064
L00143,2024-09-22,Conference, Converted ,R008,A0099
L00144,2023-12-02,Website,open,R024,
L00145,2023-06-13,Conference,CONVERTED,R017,A0049
L00146,2023-11-12,Conference, Converted ,R001,A0128
L00147,2024-02-07,Website, open ,R015,
L00148,2023-08-09,Website, open ,R012,
L00149,2023-02-21,Cold Call,OPEN,R016,
L00150,2024-10-31,Conference,disqualified,R010,
L00151,2023-01-09,Webinar,Disqualified,R014,
L00152,2023-09-28,,OPEN,R025,
L00153,2023-02-16,Conference, CONVERTED ,R002,A0094
L00154,2024-07-29,Referral,Disqualified,R012,
L00155,2023-10-23,Webinar,disqualified,R013,
L00156,2024-04-06,Website, Disqualified ,R009,
L00157,2024-11-27,Website,disqualified,R004,
L00158,2023-04-10,Conference,Open,R012,
L00159,2024-01-10,, CONVERTED ,R007,A0143
L00160,2024-06-05,Conference, DISQUALIFIED ,R017,
L00161,2023-02-16,,OPEN,R005,
L00162,2023-12-08,Conference, disqualified ,R017,
L00163,2024-09-12,Website,CONVERTED,R005,A0039
L00164,2023-11-23,,converted,R013,A0157
L00165,2023-11-03,Website,Disqualified,R011,
L00166,2024-06-05,Website,disqualified,R016,
L00167,2024-07-30,Cold Call,DISQUALIFIED,R016,
L00168,2024-01-13,Cold Call, OPEN ,R022,
L00169,2024-03-02,Website, Open ,R010,
L00170,2024-12-05,Webinar,DISQUALIFIED,R020,
L00171,2024-11-02,Website,CONVERTED,R019,A0068
L00172,2023-02-22,Website,OPEN,R016,
L00173,2024-06-20,Website,open,R025,
L00174,2024-11-28,Referral,CONVERTED,,A0038
L00175,2024-12-18,Webinar,DISQUALIFIED,R007,
L00176,2024-03-27,Cold Call,OPEN,R014,
L00177,2024-02-27,Referral,OPEN,R014,
L00178,2024-09-18,Conference, Disqualified ,R024,
L00179,2023-03-05,Referral, DISQUALIFIED ,R017,
L00180,2024-07-28,Cold Call,Open,R022,
L00181,2024-01-21,Cold Call,CONVERTED,R006,A0135
L00182,2023-12-17,Website, CONVERTED ,R012,A0137
L00183,2024-11-28,Cold Call,disqualified,R020,
L00184,2023-09-10,Cold Call, Converted ,R018,A0050
L00185,2023-11-01,Cold Call,CONVERTED,R023,A0058
L00186,2024-12-07,Conference, OPEN ,R011,
L00187,2024-07-27,Cold Call, CONVERTED ,R010,A0090
L00188,2024-08-10,Website,open,R013,
L00189,2023-05-30,,converted,R002,A0089
L00190,2023-03-22,Cold Call,converted,R015,A0183
L00191,2023-09-20,Conference,Disqualified,R007,
L00192,2024-07-05,Cold Call,open,R018,
L00193,2023-10-06,Referral,DISQUALIFIED,R004,
L00194,2024-08-23,Referral,disqualified,R008,
L00195,2024-11-16,Website,open,R008,
L00196,2023-08-27,Webinar,Disqualified,,
L00197,2024-04-28,Webinar,Converted,R022,A0085
L00198,2023-01-06,,open,R006,
L00199,2024-05-02,Conference,Converted,R021,A0168
L00200,2023-10-22,Cold Call,OPEN,R010,
L00201,2023-03-02,Webinar,disqualified,R021,
L00202,2023-08-26,Website,Disqualified,,
L00203,2023-02-08,Referral,DISQUALIFIED,R014,
L00204,2023-02-07,Conference,open,R016,
L00205,2023-10-24,Webinar, open ,R001,
L00206,2024-09-09,Webinar, Converted ,R011,A0146
L00207,2024-10-18,Website, CONVERTED ,R017,A0117
L00208,2024-05-31,Conference, Converted ,R009,A0035
L00209,2023-04-26,Cold Call,open,R006,
L00210,2024-04-14,Cold Call,Disqualified,R023,
L00211,2023-01-15,Cold Call,open,R010,
L00212,2024-11-21,Referral, disqualified ,R006,
L00213,2024-10-16,Conference,Disqualified,R014,
L00214,2023-12-02,Webinar,Disqualified,R013,
L00215,2023-04-08,Referral,DISQUALIFIED,R005,
L00216,2023-09-12,Webinar,Converted,R009,A0083
L00217,2024-04-02,Cold Call,Converted,R011,A0061
L00218,2024-08-09,Webinar,CONVERTED,R009,A0150
L00219,2024-01-04,Referral,DISQUALIFIED,R002,
L00220,2023-05-02,Conference, Disqualified ,R010,
L00221,2024-02-20,Website, OPEN ,R023,
L00222,2023-05-01,,CONVERTED,R012,A0177
L00223,2023-08-15,Referral, disqualified ,R005,
L00224,2024-04-10,Website,converted,R012,A0040
L00225,2024-07-16,Conference, Converted ,R025,A0180
L00226,2024-11-11,Referral,DISQUALIFIED,R025,
L00227,2024-11-27,Website,OPEN,R003,
L00228,2024-04-02,Website,DISQUALIFIED,R023,
L00229,2024-07-31,Webinar,Converted,R002,A0020
L00230,2024-06-01,Referral, disqualified ,R019,
L00231,2023-06-03,Referral, disqualified ,R011,
L00232,2024-03-28,Webinar,disqualified,R022,
L00233,2024-08-20,Conference,open,R003,
L00234,2024-04-01,Webinar,disqualified,,
L00235,2024-06-09,Conference,open,R015,
L00236,2023-03-01,Website,Disqualified,R015,
L00237,2023-11-12,Webinar,Disqualified,R013,
L00238,2023-08-12,Website,converted,R003,A0001
L00239,2024-03-09,Cold Call,Open,,
L00240,2024-07-08,Webinar,OPEN,R003,
L00241,2023-10-21,Conference,Converted,R006,A0009
L00242,2024-10-18,Conference, Open ,R012,
L00243,2024-01-22,Conference,converted,R003,A0115
L00244,2024-11-08,Website,disqualified,R005,
L00245,2023-12-23,Webinar,DISQUALIFIED,R006,
L00246,2024-02-07,Website,DISQUALIFIED,R005,
L00247,2023-08-17,Webinar,DISQUALIFIED,R025,
L00248,2023-11-02,Conference,open,R022,
L00249,2024-07-11,Conference,Disqualified,R018,
L00250,2023-09-11,Conference,converted,R012,A0059
L00251,2023-10-10,Referral,open,R024,
L00252,2023-02-02,Conference,OPEN,R020,
L00253,2023-09-04,Referral,open,R003,
L00254,2024-08-31,Webinar,Open,R015,
L00255,2024-11-19,Webinar,disqualified,R008,
L00256,2023-02-15,Conference, disqualified ,R015,
L00257,2024-07-06,Referral,open,R025,
L00258,2023-05-24,Website,OPEN,R010,
L00259,2024-08-12,Cold Call,Open,R019,
L00260,2024-11-19,Cold Call,DISQUALIFIED,,
L00261,2024-11-07,Website, CONVERTED ,R008,A0037
L00262,2023-10-09,Webinar,CONVERTED,R018,A0077
L00263,2023-06-29,Conference,DISQUALIFIED,R018,
L00264,2023-12-19,Conference,CONVERTED,,A0013
L00265,2024-03-02,Conference, converted ,R005,A0179
L00266,2023-07-08,Website, converted ,R016,A0097
L00267,2023-08-19,Cold Call, OPEN ,R023,
L00268,2024-04-19,Webinar,Open,R018,
L00269,2024-07-24,Website, Converted ,R005,A0107
L00270,2023-09-19,Referral,Converted,R011,A0063
L00271,2023-03-22,Conference, disqualified ,R012,
L00272,2024-07-02,Referral, open ,R002,
L00273,2024-11-20,Website,Converted,R020,A0097
L00274,2023-03-16,Referral, Open ,R025,
L00275,2024-11-18,Website,Disqualified,R007,
L00276,2023-12-07,Cold Call,Converted,R001,A0054
L00277,2023-07-14,Webinar,Open,R024,
L00278,2024-12-13,Website,Converted,R023,A0063
L00279,2024-02-11,Referral,open,R018,
L00280,2023-10-17,Conference,CONVERTED,R015,A0199
L00281,2024-10-26,Cold Call,disqualified,R010,
L00282,2024-06-09,Conference, converted ,R015,A0093
L00283,2024-04-25,Cold Call, open ,R007,
L00284,2024-02-28,,converted,R019,A0081
L00285,2023-05-30,Webinar,open,R009,
L00286,2024-08-21,Website,Disqualified,R024,
L00287,2023-06-06,Referral,CONVERTED,R011,A0076
L00288,2024-01-24,, Open ,R008,
L00289,2024-11-01,Cold Call,Converted,R009,A0141
L00290,2024-10-19,Conference,CONVERTED,R015,A0186
L00291,2023-12-27,Referral, OPEN ,R005,
L00292,2024-07-13,Conference,DISQUALIFIED,R006,
L00293,2024-10-19,Webinar, disqualified ,R017,
L00294,2023-03-18,,open,R025,
L00295,2024-02-27,Referral, Open ,R021,
L00296,2023-03-11,Referral,open,R001,
L00297,2024-06-01,Conference, OPEN ,R012,
L00298,2024-09-24,Website, Open ,R016,
L00299,2024-05-14,Webinar,DISQUALIFIED,R001,
L00300,2024-07-18,Conference,disqualified,R001,
L00301,2024-06-26,Cold Call, OPEN ,R018,
L00302,2024-05-29,Conference,CONVERTED,R006,A0005
L00303,2023-04-09,Website,Open,R005,
L00304,2023-07-16,Website,Open,R017,
L00305,2023-10-01,Conference,converted,R003,A0091
L00306,2024-04-15,Website,converted,R008,A0104
L00307,2023-08-20,Cold Call,DISQUALIFIED,R022,
L00308,2024-10-31,Webinar,Open,R003,
L00309,2024-01-22,Website,converted,R016,A0098
L00310,2024-10-14,Webinar,Open,R023,
L00311,2023-03-26,Conference,Open,R014,
L00312,2023-12-06,Website,DISQUALIFIED,R004,
L00313,2023-02-13,Referral,DISQUALIFIED,R007,
L00314,2024-08-03,Conference, DISQUALIFIED ,R009,
L00315,2023-03-18,Cold Call,OPEN,R018,
L00316,2024-11-04,Webinar,disqualified,R006,
L00317,2023-08-01,Website, converted ,R005,A0005
L00318,2024-02-12,Webinar,DISQUALIFIED,R010,
L00319,2024-07-31,Referral, open ,R019,
L00320,2024-07-07,Cold Call,converted,R013,A0174
L00321,2023-05-24,Webinar, Disqualified ,R017,
L00322,2023-12-21,Webinar, DISQUALIFIED ,R004,
L00323,2023-03-19,Cold Call,CONVERTED,R020,A0060
L00324,2024-09-01,Conference,disqualified,R025,
L00325,2024-10-11,,Converted,R015,A0008
L00326,2023-12-31,Website,Converted,R013,A0059
L00327,2024-11-27,Website,Converted,R022,A0048
L00328,2024-09-25,Cold Call,Converted,R008,A0022
L00329,2023-03-17,Webinar, DISQUALIFIED ,R009,
L00330,2024-01-25,,open,R024,
L00331,2024-01-05,Webinar,Converted,R003,A0082
L00332,2023-11-12,Conference,Open,R012,
L00333,2023-05-16,Webinar,converted,R006,A0027
L00334,2024-07-24,Website, Converted ,R017,A0115
L00335,2023-01-27,Webinar, converted ,R012,A0027
L00336,2023-04-06,Website,DISQUALIFIED,R020,
L00337,2023-01-13,Cold Call,converted,R014,A0099
L00338,2023-03-28,Website,converted,R008,A0200
L00339,2024-06-17,,DISQUALIFIED,,
L00340,2023-05-23,Cold Call, Converted ,R010,A0044
L00341,2023-05-30,Webinar,Converted,R006,A0127
L00342,2024-03-07,Cold Call,converted,R016,A0071
L00343,2024-01-05,Cold Call,open,R008,
L00344,2024-10-02,Conference,DISQUALIFIED,R020,
L00345,2023-07-20,Conference,Disqualified,R004,
L00346,2023-11-08,Webinar,open,R013,
L00347,2024-01-25,Cold Call,Converted,R015,A0159
L00348,2024-10-28,Website,Converted,R005,A0111
L00349,2024-09-09,Referral,converted,R016,A0083
L00350,2024-02-12,Cold Call,CONVERTED,R010,A0046
L00351,2024-12-12,Conference,DISQUALIFIED,R019,
L00352,2023-11-30,Conference,OPEN,R009,
L00353,2023-04-27,Website, CONVERTED ,R007,A0094
L00354,2024-07-12,,DISQUALIFIED,,
L00355,2023-01-28,Conference,Disqualified,R023,
L00356,2024-03-24,Cold Call,open,R023,
L00357,2024-02-23,Conference,Open,R005,
L00358,2023-11-07,Referral, disqualified ,R009,
L00359,2023-06-07,Conference,Disqualified,R013,
L00360,2024-04-04,Website, OPEN ,R016,
L00361,2024-02-15,, DISQUALIFIED ,R017,
L00362,2024-03-04,Website, Disqualified ,R002,
L00363,2024-07-03,Website,Converted,R021,A0180
L00364,2023-04-22,Referral, OPEN ,R022,
L00365,2023-12-30,Referral,Disqualified,R021,
L00366,2023-02-15,Website, disqualified ,R021,
L00367,2024-10-24,Conference,disqualified,R025,
L00368,2023-04-19,Webinar, Converted ,R004,A0111
L00369,2024-06-06,Website,Converted,R018,A0057
L00370,2024-12-05,Website,disqualified,R008,
L00371,2024-02-05,Conference, converted ,R025,A0096
L00372,2024-08-25,Website,Disqualified,R005,
L00373,2024-05-09,,converted,R010,A0007
L00374,2023-04-29,Referral, converted ,R012,A0022
L00375,2024-04-11,Referral,converted,R017,A0088
L00376,2024-05-02,Webinar,converted,R015,A0090
L00377,2024-12-14,Conference,disqualified,R011,
L00378,2023-11-04,Webinar,OPEN,R023,
L00379,2023-01-24,Cold Call,Open,R021,
L00380,2024-11-24,Referral,Open,R024,
L00381,2024-06-12,Referral,open,R018,
L00382,2023-12-05,Website,open,R014,
L00383,2024-02-19,Referral,CONVERTED,R006,A0060
L00384,2024-11-04,Conference, DISQUALIFIED ,R013,
L00385,2024-09-20,Referral,open,R015,
L00386,2024-03-15,Conference,Disqualified,R001,
L00387,2023-08-08,Referral,Disqualified,R009,
L00388,2023-03-06,Website,disqualified,R004,
L00389,2023-07-11,Cold Call, DISQUALIFIED ,R011,
L00390,2024-04-13,Webinar,open,R009,
L00391,2024-05-16,Website,Disqualified,R021,
L00392,2024-02-02,Website,CONVERTED,R013,A0153
L00393,2023-04-27,Cold Call, disqualified ,R012,
L00394,2023-06-26,Cold Call,Converted,R020,A0159
L00395,2023-03-28,Referral,DISQUALIFIED,R011,
L00396,2023-09-02,Cold Call, OPEN ,R004,
L00397,2024-01-18,Referral,Open,R017,
L00398,2024-09-02,Referral, converted ,R019,A0108
L00399,2023-07-10,Conference,CONVERTED,R021,A0109
L00400,2024-12-11,Referral,Disqualified,R018,
L00401,2024-05-16,Cold Call,OPEN,R005,
L00402,2023-11-19,Conference, open ,R020,
L00403,2024-01-03,Webinar, OPEN ,R016,
L00404,2023-07-19,Conference,open,R018,
L00405,2024-10-30,Conference,disqualified,R014,
L00406,2024-05-18,Conference,DISQUALIFIED,R023,
L00407,2023-06-21,Webinar,CONVERTED,R019,A0126
L00408,2023-08-14,Cold Call, OPEN ,R002,
L00409,2024-07-04,Cold Call,Converted,R006,A0058
L00410,2024-05-22,Website,converted,R017,A0145
L00411,2024-08-09,Webinar,open,R009,
L00412,2024-01-11,Website,Disqualified,R025,
L00413,2024-03-27,Website,Open,R007,
L00414,2024-10-31,Referral,CONVERTED,R010,A0027
L00415,2024-04-05,Cold Call,OPEN,R012,
L00416,2024-03-25,Webinar,OPEN,R025,
L00417,2023-08-03,Website, Open ,R023,
L00418,2024-09-16,Conference, Converted ,R006,A0182
L00419,2023-05-23,Referral,Disqualified,R007,
L00420,2024-08-06,Cold Call,Open,R018,
L00421,2024-07-05,Referral,CONVERTED,R011,A0153
L00422,2023-10-27,,disqualified,R019,
L00423,2024-11-26,Webinar,CONVERTED,R005,A0132
L00424,2023-10-11,Referral,converted,R023,A0016
L00425,2023-09-13,Referral, OPEN ,R023,
L00426,2024-11-23,Conference, CONVERTED ,R016,A0064
L00427,2024-08-14,Cold Call, open ,R021,
L00428,2024-04-07,,CONVERTED,R021,A0097
L00429,2024-02-17,Website,open,R024,
L00430,2024-01-13,Conference,CONVERTED,R016,A0178
L00431,2023-01-03,,converted,R024,A0149
L00432,2024-11-11,Cold Call,converted,R003,A0163
L00433,2024-02-12,Referral,disqualified,R014,
L00434,2024-05-21,Cold Call, Open ,R011,
L00435,2024-07-14,Website,converted,R005,A0087
L00436,2024-05-11,Cold Call,disqualified,R022,
L00437,2023-02-17,Webinar,open,R021,
L00438,2023-05-08,Referral, CONVERTED ,R015,A0005
L00439,2024-03-14,Referral,Converted,R023,A0001
L00440,2024-10-27,Cold Call,open,R006,
L00441,2024-11-01,Cold Call,CONVERTED,R009,A0024
L00442,2024-01-16,Referral,open,R002,
L00443,2023-11-09,Referral,CONVERTED,R014,A0161
L00444,2023-04-04,Webinar,DISQUALIFIED,R001,
L00445,2024-05-03,Webinar,OPEN,R005,
L00446,2023-08-20,Website,Disqualified,R022,
L00447,2023-01-09,Cold Call,Converted,R004,A0003
L00448,2023-05-16,,converted,R003,A0178
L00449,2024-01-28,,open,R024,
L00450,2023-04-16,Cold Call,OPEN,R012,
L00451,2024-01-27,Referral,CONVERTED,R021,A0036
L00452,2023-05-27,Webinar,DISQUALIFIED,R017,
L00453,2023-01-09,Website,disqualified,R021,
L00454,2024-03-26,Cold Call, Open ,R024,
L00455,2024-10-05,Referral, Open ,R014,
L00456,2024-12-04,Conference, disqualified ,R007,
L00457,2023-04-13,Referral,OPEN,R025,
L00458,2024-08-26,Conference, OPEN ,R012,
L00459,2023-05-24,Referral,converted,R009,A0081
L00460,2023-03-28,Referral,Disqualified,R018,
L00461,2024-09-06,Website, Disqualified ,R010,
L00462,2023-01-28,Cold Call,DISQUALIFIED,R007,
L00463,2024-09-13,Website, Disqualified ,R007,
L00464,2024-02-06,Cold Call,DISQUALIFIED,R021,
L00465,2023-09-03,Conference, OPEN ,R013,
L00466,2023-09-04,Conference,open,R021,
L00467,2023-03-14,Website,Disqualified,R001,
L00468,2023-05-16,Conference,CONVERTED,R019,A0082
L00469,2024-07-13,Referral,converted,R025,A0094
L00470,2023-03-16,Webinar,CONVERTED,R019,A0198
L00471,2023-01-15,,OPEN,R007,
L00472,2023-03-03,Conference, Open ,R017,
L00473,2024-12-30,Website, Converted ,R025,A0161
L00474,2024-12-19,Conference, CONVERTED ,R003,A0109
L00475,2024-07-03,Website,disqualified,R020,
L00476,2023-10-12,,open,R010,
L00477,2024-06-07,Referral, OPEN ,R005,
L00478,2023-12-01,Conference,Disqualified,R019,
L00479,2024-10-27,Webinar,Disqualified,R010,
L00480,2024-03-23,Referral, disqualified ,R002,
L00481,2023-03-30,Conference,OPEN,R004,
L00482,2024-09-15,Webinar,converted,R010,A0157
L00483,2024-11-04,Referral,disqualified,R004,
L00484,2024-12-25,Referral, Open ,R023,
L00485,2023-06-17,Conference,open,R012,
L00486,2024-06-13,Cold Call, Disqualified ,R006,
L00487,2023-10-03,Webinar,converted,R025,A0033
L00488,2023-12-10,Conference,Open,R009,
L00489,2023-03-07,Cold Call, Disqualified ,R023,
L00490,2024-10-04,Webinar,Disqualified,R016,
L00491,2024-01-04,Webinar,converted,R016,A0131
L00492,2023-06-20,,DISQUALIFIED,R006,
L00493,2023-04-16,Website,Converted,R022,A0198
L00494,2023-04-29,Referral,Disqualified,R024,
L00495,2023-01-03,Webinar,Disqualified,R001,
L00496,2023-02-17,,Open,R012,
L00497,2023-07-03,Webinar,converted,R018,A0039
L00498,2024-11-02,Conference, Disqualified ,R008,
L00499,2024-03-02,Cold Call,converted,R009,A0064
L00500,2024-08-08,Cold Call,open,R004,
L00501,2024-11-20,Webinar,disqualified,R006,
L00502,2024-06-12,Webinar,Open,R013,
L00503,2024-04-21,Cold Call, OPEN ,R025,
L00504,2023-03-30,,CONVERTED,R015,A0084
L00505,2024-01-13,Referral, Open ,R010,
L00506,2023-11-08,Website, Disqualified ,R008,
L00507,2024-08-28,Conference,Converted,R025,A0095
L00508,2024-07-13,Referral,Open,R005,
L00509,2024-02-24,Webinar,OPEN,R008,
L00510,2023-12-21,Webinar,Disqualified,R011,
L00511,2024-11-04,Conference,open,R024,
L00512,2023-11-11,Webinar,DISQUALIFIED,,
L00513,2023-09-01,Conference,Disqualified,R016,
L00514,2023-05-26,Cold Call,OPEN,R003,
L00515,2023-08-26,Website,open,R014,
L00516,2024-01-17,Conference,disqualified,R024,
L00517,2024-08-17,Webinar, open ,R017,
L00518,2024-10-14,Conference, OPEN ,R003,
L00519,2024-08-04,Webinar, DISQUALIFIED ,R014,
L00520,2023-05-14,Referral,disqualified,R010,
L00521,2024-02-07,Cold Call,converted,,A0081
L00522,2023-08-28,Webinar, converted ,R007,A0070
L00523,2024-08-21,Webinar, Open ,R005,
L00524,2023-06-18,Conference, OPEN ,R015,
L00525,2023-05-04,Website,CONVERTED,R012,A0105
L00526,2024-04-07,, OPEN ,R015,
L00527,2023-04-03,Referral,CONVERTED,R022,A0031
L00528,2024-12-14,Website,CONVERTED,R002,A0181
L00529,2023-12-02,Referral,OPEN,R003,
L00530,2023-09-12,Cold Call,Disqualified,R013,
L00531,2023-02-20,Cold Call,disqualified,R009,
L00532,2023-02-01,Conference,OPEN,R015,
L00533,2024-07-17,Referral,Disqualified,R004,
L00534,2023-05-24,Webinar, converted ,R001,A0027
L00535,2023-08-16,Referral, open ,R007,
L00536,2024-12-03,Webinar,CONVERTED,R019,A0096
L00537,2023-09-23,Webinar, disqualified ,R001,
L00538,2023-07-22,Conference, OPEN ,R005,
L00539,2023-12-06,Webinar, Open ,R002,
L00540,2023-06-22,Website,Converted,,A0013
L00541,2024-02-09,Conference, DISQUALIFIED ,R001,
L00542,2024-03-12,Referral,converted,R012,A0175
L00543,2023-07-11,Cold Call,Open,R009,
L00544,2023-02-05,Website,converted,R020,A0039
L00545,2023-09-09,Cold Call,Disqualified,,
L00546,2024-05-05,Webinar, Converted ,R003,A0141
L00547,2023-05-21,Conference,CONVERTED,R007,A0099
L00548,2024-06-22,Referral,DISQUALIFIED,R021,
L00549,2023-01-20,Conference,Disqualified,R023,
L00550,2024-07-11,Conference, CONVERTED ,R012,A0123
L00551,2024-05-29,Cold Call,DISQUALIFIED,R013,
L00552,2023-01-27,Cold Call,Converted,R020,A0047
L00553,2023-01-31,Cold Call,open,R002,
L00554,2024-01-02,Website,CONVERTED,R008,A0136
L00555,2023-04-13,Referral,open,R022,
L00556,2023-09-30,Website,Open,R024,
L00557,2023-08-13,Website,Open,R013,
L00558,2023-06-30,,CONVERTED,R019,A0045
L00559,2024-12-15,Cold Call,converted,R019,A0189
L00560,2024-12-21,Cold Call, Open ,R019,
L00561,2023-05-26,Website,Disqualified,R007,
L00562,2023-11-13,Referral,converted,R016,A0139
L00563,2023-04-03,Webinar, OPEN ,R008,
L00564,2023-08-13,Webinar,Disqualified,R017,
L00565,2023-12-06,Website,Converted,R007,A0001
L00566,2023-12-15,Referral,OPEN,R011,
L00567,2023-01-23,Referral, Open ,R019,
L00568,2023-05-26,Webinar,disqualified,R017,
L00569,2024-01-18,Conference,Converted,R019,A0019
L00570,2023-12-11,Cold Call, open ,R011,
L00571,2023-06-11,Conference,OPEN,R021,
L00572,2023-11-21,, converted ,R023,A0167
L00573,2024-12-11,Website,Disqualified,R012,
L00574,2024-11-12,Website, open ,R006,
L00575,2024-12-06,Cold Call,converted,R005,A0079
L00576,2023-01-02,Website, OPEN ,R013,
L00577,2023-02-03,Referral,Disqualified,R020,
L00578,2023-08-15,Website,CONVERTED,R004,A0157
L00579,2023-12-06,Webinar,CONVERTED,R008,A0037
L00580,2023-06-21,Webinar,CONVERTED,R023,A0082
L00581,2024-10-16,Cold Call,disqualified,R015,
L00582,2023-09-29,Referral,OPEN,R008,
L00583,2023-03-11,Cold Call,Disqualified,R009,
L00584,2023-01-02,Webinar,OPEN,R013,
L00585,2024-03-05,Referral, CONVERTED ,R014,A0188
L00586,2023-12-26,Website,converted,R013,A0097
L00587,2024-05-05,Website,open,R021,
L00588,2023-08-19,,DISQUALIFIED,R015,
L00589,2023-02-04,Cold Call,Open,R001,
L00590,2023-04-18,Webinar,converted,R011,A0067
L00591,2024-01-20,Referral,OPEN,R024,
L00592,2024-07-14,Webinar, Open ,R011,
L00593,2024-09-20,Conference,DISQUALIFIED,R023,
L00594,2024-03-17,Referral, Open ,R020,
L00595,2023-02-24,Webinar,Converted,R011,A0041
L00596,2023-07-14,,Open,R023,
L00597,2024-07-07,Cold Call,disqualified,R022,
L00598,2023-09-01,Webinar,CONVERTED,R002,A0077
L00599,2024-07-16,Conference,converted,R005,A0147
L00600,2024-01-05,Webinar,OPEN,R014,
L00601,2023-10-29,Website,Open,R016,
L00602,2023-04-10,Webinar,Open,R007,
L00603,2024-10-15,Cold Call,OPEN,R003,
L00604,2023-11-12,Conference,CONVERTED,R016,A0030
L00605,2023-09-29,Webinar,Converted,R021,A0170
L00606,2024-02-01,Referral, Disqualified ,R012,
L00607,2023-07-11,Conference,Converted,R002,A0095
L00608,2024-04-21,Cold Call,converted,R008,A0113
L00609,2023-03-05,Referral, CONVERTED ,R025,A0145
L00610,2024-11-14,Webinar, DISQUALIFIED ,R003,
L00611,2023-12-19,Website, DISQUALIFIED ,R014,
L00612,2023-08-21,Website,Disqualified,R002,
L00613,2024-03-04,Website,converted,R022,A0134
L00614,2023-08-30,Conference,converted,R010,A0147
L00615,2024-02-09,Webinar,OPEN,R017,
L00616,2024-06-13,Website, Disqualified ,R022,
L00617,2023-05-31,Webinar,Disqualified,R025,
L00618,2023-06-21,Referral, Converted ,R007,A0045
L00619,2023-02-13,Conference,open,R003,
L00620,2024-03-21,Referral,disqualified,R021,
L00621,2024-09-01,Cold Call,OPEN,R011,
L00622,2023-03-10,Webinar,Disqualified,R013,
L00623,2024-02-11,Website, DISQUALIFIED ,R011,
L00624,2024-04-14,Webinar,CONVERTED,R023,A0134
L00625,2024-08-24,Website,DISQUALIFIED,R014,
L00626,2024-02-29,Referral,OPEN,R005,
L00627,2024-08-25,,disqualified,R025,
L00628,2023-04-19,Website, Open ,R025,
L00629,2023-10-20,Website, Open ,R012,
L00630,2024-01-28,Conference,CONVERTED,R019,A0068
L00631,2024-04-29,Webinar, Disqualified ,R006,
L00632,2023-05-28,Website,converted,R020,A0104
L00633,2024-12-11,Conference,DISQUALIFIED,R002,
L00634,2024-12-08,Referral,converted,R002,A0085
L00635,2024-05-01,,DISQUALIFIED,R012,
L00636,2023-12-12,Cold Call, open ,R010,
L00637,2024-12-13,Webinar,CONVERTED,R008,A0126
L00638,2023-11-04,Conference,open,,
L00639,2024-03-02,Website,CONVERTED,R021,A0069
L00640,2023-07-12,Conference, OPEN ,R007,
L00641,2024-05-11,Website, converted ,R012,A0190
L00642,2024-06-11,Referral, open ,R003,
L00643,2024-06-02,Conference,converted,R005,A0182
L00644,2024-08-05,Webinar,DISQUALIFIED,R006,
L00645,2023-07-25,Webinar, OPEN ,R008,
L00646,2024-04-12,Webinar,open,R012,
L00647,2023-07-23,Cold Call,Disqualified,R012,
L00648,2024-02-11,Webinar,CONVERTED,R022,A0130
L00649,2023-09-05,Cold Call,open,R016,
L00650,2024-04-01,Referral,disqualified,R016,
L00651,2024-07-18,Cold Call,DISQUALIFIED,R012,
L00652,2023-09-22,Webinar,open,R010,
L00653,2024-01-31,Webinar,Open,R006,
L00654,2023-08-08,Referral,disqualified,R021,
L00655,2024-11-24,Referral,OPEN,R009,
L00656,2024-02-24,Website,Disqualified,R001,
L00657,2023-01-10,Conference,disqualified,R005,
L00658,2023-06-27,Website, Disqualified ,R001,
L00659,2023-09-16,Website, Open ,R010,
L00660,2024-12-27,Cold Call,DISQUALIFIED,R014,
L00661,2024-04-15,Cold Call,CONVERTED,R007,A0090
L00662,2024-11-24,Website,CONVERTED,R020,A0078
L00663,2023-04-15,Webinar, Converted ,R017,A0150
L00664,2024-01-19,Website, Disqualified ,R021,
L00665,2024-09-15,,DISQUALIFIED,R010,
L00666,2023-04-21,Conference, Disqualified ,R003,
L00667,2024-10-17,Cold Call, CONVERTED ,R009,A0071
L00668,2024-12-29,Cold Call,Converted,R007,A0168
L00669,2024-06-13,Referral,Open,R002,
L00670,2024-02-18,Cold Call,DISQUALIFIED,,
L00671,2023-01-27,Conference, Open ,R010,
L00672,2024-02-19,Conference,Converted,R024,A0108
L00673,2024-08-20,Website,Open,R007,
L00674,2024-12-31,Referral,converted,R022,A0186
L00675,2024-10-15,Conference,DISQUALIFIED,R022,
L00676,2023-11-04,Referral,Converted,R022,A0130
L00677,2023-07-05,Cold Call,Disqualified,R004,
L00678,2023-09-22,Website,Converted,R025,A0033
L00679,2024-11-27,Cold Call,open,R021,
L00680,2023-08-16,,Open,R008,
L00681,2023-11-11,Conference,Disqualified,R011,
L00682,2024-08-22,Cold Call, Converted ,R015,A0067
L00683,2024-04-26,Webinar,open,R021,
L00684,2024-08-17,Website,disqualified,R003,
L00685,2024-05-27,Webinar, Converted ,R022,A0050
L00686,2023-11-02,Conference,converted,R002,A0136
L00687,2023-05-21,Referral,open,,
L00688,2024-04-13,Referral,converted,R011,A0146
L00689,2023-07-04,Webinar,disqualified,R016,
L00690,2023-07-01,Cold Call, converted ,R021,A0162
L00691,2023-01-05,Conference,Open,R009,
L00692,2023-06-22,Website, Open ,R025,
L00693,2024-05-16,Webinar,open,R005,
L00694,2024-03-20,Conference,disqualified,R013,
L00695,2024-01-28,Webinar,CONVERTED,R002,A0123
L00696,2023-07-24,Cold Call,DISQUALIFIED,R001,
L00697,2024-06-27,Referral,Converted,R001,A0194
L00698,2023-01-05,Referral,DISQUALIFIED,R008,
L00699,2023-12-19,,disqualified,R005,
L00700,2024-01-28,Website,OPEN,R019,
L00701,2023-03-08,Webinar, CONVERTED ,R010,A0043
L00702,2024-06-16,Website, Converted ,R017,A0117
L00703,2024-12-04,Referral,Converted,R011,A0112
L00704,2023-07-12,Referral,Converted,R013,A0092
L00705,2023-08-22,Referral,open,R024,
L00706,2023-08-05,Webinar, open ,R019,
L00707,2023-06-23,Webinar,Disqualified,R012,
L00708,2024-10-28,Webinar,Disqualified,R013,
L00709,2023-09-19,Website,Disqualified,R020,
L00710,2024-08-31,Webinar,open,R022,
L00711,2024-10-31,Webinar,OPEN,R002,
L00712,2023-04-29,Conference,DISQUALIFIED,R015,
L00713,2024-07-14,Cold Call,Converted,R016,A0032
L00714,2023-06-06,Referral, DISQUALIFIED ,R023,
L00715,2024-10-07,Webinar,Disqualified,R010,
L00716,2023-04-14,Website,converted,R009,A0170
L00717,2024-09-12,Referral,DISQUALIFIED,R014,
L00718,2024-06-07,Website,OPEN,R004,
L00719,2023-04-19,Conference,Converted,R007,A0030
L00720,2023-07-24,Cold Call, disqualified ,R017,
L00721,2024-01-02,Conference,open,R010,
L00722,2023-02-10,Website, open ,R016,
L00723,2024-12-05,Conference, open ,R011,
L00724,2023-01-03,Webinar, OPEN ,R022,
L00725,2023-04-24,, open ,R022,
L00726,2023-04-03,Website, CONVERTED ,R003,A0039
L00727,2023-04-14,Cold Call,DISQUALIFIED,R021,
L00728,2024-04-12,Cold Call,open,R009,
L00729,2023-04-13,Referral,Converted,R002,A0013
L00730,2024-11-24,Cold Call,converted,R014,A0093
L00731,2023-04-29,Webinar,DISQUALIFIED,R025,
L00732,2023-01-10,Referral,OPEN,R022,
L00733,2023-06-24,Cold Call,DISQUALIFIED,R012,
L00734,2023-10-02,Webinar, CONVERTED ,R012,A0160
L00735,2023-04-27,Conference, Converted ,R013,A0047
L00736,2024-01-30,Conference, CONVERTED ,R014,A0070
L00737,2023-06-20,Webinar, Disqualified ,R005,
L00738,2023-03-02,Referral,disqualified,R004,
L00739,2024-05-09,Website,converted,R022,A0152
L00740,2024-09-17,Conference,Converted,R025,A0047
L00741,2023-01-30,Referral,converted,R016,A0157
L00742,2024-02-26,Conference,converted,R002,A0029
L00743,2023-09-25,Cold Call, open ,,
L00744,2024-11-25,Website,DISQUALIFIED,R025,
L00745,2024-08-13,Website,disqualified,R008,
L00746,2023-12-13,Website,DISQUALIFIED,R017,
L00747,2024-12-18,Website,disqualified,R004,
L00748,2023-09-12,Conference,converted,R012,A0170
L00749,2024-11-23,Conference, disqualified ,R005,
L00750,2024-09-19,Webinar, disqualified ,R001,
L00751,2023-06-10,Website,Disqualified,R016,
L00752,2023-03-18,Conference, CONVERTED ,R011,A0043
L00753,2023-12-05,Cold Call,OPEN,R002,
L00754,2023-08-17,Website, DISQUALIFIED ,R021,
L00755,2023-08-29,Webinar,converted,R015,A0104
L00756,2024-04-03,Webinar,converted,R016,A0147
L00757,2023-05-02,Conference, CONVERTED ,R024,A0081
L00758,2023-01-19,Webinar,DISQUALIFIED,R013,
L00759,2024-07-24,Website,Converted,R001,A0010
L00760,2024-09-10,Website, Open ,R021,
L00761,2024-07-29,Referral,CONVERTED,R021,A0131
L00762,2024-04-12,,DISQUALIFIED,R012,
L00763,2023-08-17,Conference, OPEN ,R011,
L00764,2024-09-26,Website, DISQUALIFIED ,R016,
L00765,2024-11-03,Cold Call,Disqualified,R023,
L00766,2023-04-10,Referral,Converted,R001,A0030
L00767,2024-10-10,Cold Call,converted,R018,A0091
L00768,2024-01-18,Webinar,disqualified,R002,
L00769,2024-05-19,Referral,OPEN,R023,
L00770,2024-02-24,Webinar, disqualified ,R009,
L00771,2023-07-20,Referral,disqualified,R004,
L00772,2024-04-13,Referral, converted ,R023,A0056
L00773,2024-02-29,Webinar,Converted,R021,A0028
L00774,2024-08-25,Webinar,DISQUALIFIED,R025,
L00775,2024-11-05,Website,CONVERTED,R017,A0118
L00776,2024-05-25,Webinar,open,R017,
L00777,2023-02-19,Website,disqualified,R014,
L00778,2024-05-09,Website,DISQUALIFIED,R025,
L00779,2024-12-09,Website,Open,R006,
L00780,2023-05-12,Webinar,DISQUALIFIED,R013,
L00781,2024-09-06,Website,DISQUALIFIED,R011,
L00782,2024-01-29,Conference,Disqualified,R020,
L00783,2023-09-12,Cold Call,DISQUALIFIED,R013,
L00784,2024-04-08,Referral,Converted,R005,A0076
L00785,2024-12-17,, CONVERTED ,R010,A0155
L00786,2024-07-14,Cold Call,DISQUALIFIED,R023,
L00787,2024-07-20,Referral, DISQUALIFIED ,R007,
L00788,2024-10-01,Cold Call,open,R022,
L00789,2023-05-16,Referral, CONVERTED ,R017,A0173
L00790,2024-12-11,Cold Call,Disqualified,R023,
L00791,2023-12-27,Website, open ,R016,
L00792,2024-08-07,Conference, DISQUALIFIED ,R022,
L00793,2024-06-30,Cold Call,Disqualified,R014,
L00794,2024-06-19,Webinar,OPEN,R001,
L00795,2023-02-24,,converted,R007,A0038
L00796,2023-06-14,Cold Call,converted,R022,A0193
L00797,2023-03-05,Cold Call,converted,,A0038
L00798,2023-02-03,Cold Call,Disqualified,R015,
L00799,2024-09-22,Website, OPEN ,R008,
L00800,2024-10-24,Website,disqualified,R013,
L00801,2024-06-07,Cold Call,OPEN,R023,
L00802,2023-02-18,Conference, DISQUALIFIED ,R013,
L00803,2023-11-17,Website, CONVERTED ,R002,A0176
L00804,2023-09-15,Referral,Open,R020,
L00805,2024-10-10,Cold Call,CONVERTED,R025,A0058
L00806,2024-07-13,Website,Disqualified,R007,
L00807,2023-07-18,Cold Call,Disqualified,R015,
L00808,2024-11-30,Webinar,Open,R006,
L00809,2024-06-10,Webinar,Open,R013,
L00810,2024-03-14,Cold Call,Open,R018,
L00811,2023-06-14,Website,CONVERTED,R009,A0034
L00812,2023-12-05,Conference,OPEN,R023,
L00813,2023-02-10,Referral,OPEN,R011,
L00814,2023-02-22,Website,Disqualified,R022,
L00815,2024-08-09,Website,converted,R012,A0126
L00816,2024-12-25,Cold Call, OPEN ,R017,
L00817,2023-07-08,Website, OPEN ,R003,
L00818,2023-06-13,Conference,DISQUALIFIED,R018,
L00819,2024-02-18,Webinar, Disqualified ,R012,
L00820,2023-08-07,Cold Call,OPEN,R011,
L00821,2023-08-12,Website,CONVERTED,R017,A0076
L00822,2024-10-26,Webinar, converted ,R004,A0144
L00823,2023-12-21,Conference,disqualified,R008,
L00824,2024-09-20,Website,DISQUALIFIED,R008,
L00825,2024-11-29,Cold Call,open,R013,
L00826,2024-01-31,Cold Call,OPEN,R018,
L00827,2023-10-17,Webinar,DISQUALIFIED,R017,
L00828,2024-06-04,Conference,CONVERTED,R016,A0132
L00829,2023-10-31,Referral, Open ,R011,
L00830,2023-03-26,Webinar,DISQUALIFIED,R006,
L00831,2024-06-30,Webinar,disqualified,R021,
L00832,2023-08-04,Referral, Open ,R022,
L00833,2023-07-30,Website,converted,R023,A0027
L00834,2024-03-21,Webinar,disqualified,R024,
L00835,2023-06-07,Webinar, DISQUALIFIED ,R015,
L00836,2023-12-06,Webinar,DISQUALIFIED,R003,
L00837,2023-02-25,Referral, Open ,R009,
L00838,2023-03-14,Website, disqualified ,R008,
L00839,2024-02-02,Conference,CONVERTED,R021,A0105
L00840,2023-11-20,Webinar,converted,R013,A0111
L00841,2023-05-02,Website,disqualified,R001,
L00842,2024-09-25,Webinar,DISQUALIFIED,R025,
L00843,2024-08-22,Webinar,disqualified,R023,
L00844,2024-01-02,Website,OPEN,R004,
L00845,2023-11-05,Website,converted,R003,A0176
L00846,2024-03-24,Conference,converted,R013,A0196
L00847,2023-02-01,Conference,disqualified,R006,
L00848,2023-08-14,Referral, disqualified ,R024,
L00849,2023-10-30,Referral,Converted,R010,A0140
L00850,2024-10-25,Cold Call, DISQUALIFIED ,R001,
L00851,2024-07-22,Referral,DISQUALIFIED,R004,
L00852,2023-01-06,Website, OPEN ,R020,
L00853,2024-07-14,Webinar,CONVERTED,R010,A0138
L00854,2023-12-19,Referral,open,R014,
L00855,2024-06-08,Referral,Disqualified,R006,
L00856,2023-08-15,Website,Open,R009,
L00857,2023-04-28,Referral,Open,R022,
L00858,2023-02-25,Website,Disqualified,,
L00859,2024-07-16,Webinar, DISQUALIFIED ,R010,
L00860,2023-03-10,Cold Call, disqualified ,R004,
L00861,2024-08-17,Conference,OPEN,R011,
L00862,2024-11-18,Referral,Converted,R004,A0033
L00863,2023-03-13,Referral, Converted ,R011,A0159
L00864,2023-12-03,Website, CONVERTED ,R022,A0116
L00865,2024-08-21,, CONVERTED ,R019,A0178
L00866,2024-01-09,Cold Call, Disqualified ,R014,
L00867,2023-01-05,Cold Call, Open ,R008,
L00868,2024-12-30,Conference,open,,
L00869,2024-11-26,Cold Call,Converted,R016,A0035
L00870,2024-01-03,Cold Call, CONVERTED ,R016,A0115
L00871,2023-04-22,Referral,Disqualified,R021,
L00872,2023-03-25,Cold Call,disqualified,R005,
L00873,2023-07-21,,disqualified,R024,
L00874,2023-03-20,Webinar, disqualified ,R001,
L00875,2024-10-08,Webinar,DISQUALIFIED,R019,
L00876,2024-02-19,Website, Disqualified ,R007,
L00877,2024-07-18,Cold Call,OPEN,R018,
L00878,2024-04-28,Referral, DISQUALIFIED ,R012,
L00879,2024-08-26,Cold Call,Converted,R005,A0058
L00880,2024-06-06,Webinar, converted ,R013,A0129
L00881,2023-01-11,Referral, converted ,R020,A0129
L00882,2023-06-19,Website, DISQUALIFIED ,R005,
L00883,2023-07-03,,CONVERTED,R019,A0041
L00884,2023-05-30,Conference,disqualified,R012,
L00885,2023-08-13,Conference,Open,R008,
L00886,2023-09-28,Cold Call,Open,R008,
L00887,2024-11-15,Referral,open,R017,
L00888,2024-04-25,Conference,converted,R002,A0100
L00889,2024-10-26,Cold Call,open,R004,
L00890,2024-06-17,Cold Call, DISQUALIFIED ,R024,
L00891,2024-07-11,Website,CONVERTED,,A0149
L00892,2024-01-23,Cold Call,converted,R019,A0168
L00893,2023-03-21,Website, disqualified ,R009,
L00894,2024-06-12,Conference,converted,R012,A0058
L00895,2024-05-08,Website, Converted ,R001,A0125
L00896,2023-05-23,Conference,DISQUALIFIED,R006,
L00897,2023-03-20,Website, OPEN ,R021,
L00898,2023-06-03,Referral,converted,R006,A0055
L00899,2023-05-02,Referral, Converted ,R014,A0155
L00900,2023-04-27,Conference,Converted,R022,A0185
L00901,2023-08-04,Website,converted,,A0123
L00902,2024-02-25,Webinar,Disqualified,R008,
L00903,2023-05-11,Website,open,R019,
L00904,2023-05-18,Website,open,R002,
L00905,2023-05-31,Webinar,Disqualified,R006,
L00906,2024-06-13,Conference,Converted,R020,A0047
L00907,2024-10-14,Webinar, Disqualified ,R024,
L00908,2024-11-08,Cold Call,DISQUALIFIED,R003,
L00909,2024-04-04,Website, Open ,R016,
L00910,2023-08-13,Conference,CONVERTED,R020,A0044
L00911,2024-08-19,Referral, Open ,R020,
L00912,2024-06-07,Cold Call,DISQUALIFIED,R006,
L00913,2024-12-03,Cold Call,DISQUALIFIED,R015,
L00914,2024-08-27,Webinar, DISQUALIFIED ,R008,
L00915,2023-05-16,Webinar, Converted ,R001,A0099
L00916,2024-06-19,Website,OPEN,R022,
L00917,2024-09-12,Webinar,CONVERTED,R006,A0039
L00918,2024-09-06,Webinar,CONVERTED,R018,A0158
L00919,2023-05-01,Webinar,Disqualified,R016,
L00920,2023-05-14,Website, Disqualified ,R018,
L00921,2024-11-25,Conference,OPEN,R017,
L00922,2023-02-14,Website,CONVERTED,,A0095
L00923,2024-05-08,Conference,open,R012,
L00924,2024-12-14,Website,DISQUALIFIED,R004,
L00925,2023-09-18,Conference,CONVERTED,R025,A0035
L00926,2023-03-27,, Open ,R020,
L00927,2024-02-23,Cold Call, disqualified ,R007,
L00928,2024-12-27,Webinar, Open ,R019,
L00929,2023-05-01,Website, disqualified ,R001,
L00930,2023-07-30,Cold Call,CONVERTED,R014,A0168
L00931,2023-06-08,Conference,Converted,R021,A0028
L00932,2023-09-17,Cold Call,Disqualified,R018,
L00933,2024-01-10,Website,CONVERTED,R009,A0145
L00934,2024-02-11,Referral,DISQUALIFIED,R014,
L00935,2024-07-24,Conference, DISQUALIFIED ,R006,
L00936,2024-07-22,Conference, Converted ,R009,A0144
L00937,2023-12-19,Conference,converted,R024,A0148
L00938,2024-11-06,Webinar,OPEN,R024,
L00939,2024-04-02,Referral,open,R004,
L00940,2024-06-04,,Open,R011,
L00941,2024-09-20,Webinar, DISQUALIFIED ,R006,
L00942,2023-01-06,Webinar, CONVERTED ,R005,A0163
L00943,2024-03-21,Webinar, CONVERTED ,R003,A0154
L00944,2024-01-15,Webinar,CONVERTED,R020,A0057
L00945,2024-01-29,Conference,open,R020,
L00946,2024-06-17,Cold Call, DISQUALIFIED ,R023,
L00947,2023-02-28,Referral, DISQUALIFIED ,R021,
L00948,2023-01-11,Referral,CONVERTED,R022,A0113
L00949,2023-10-20,Referral,DISQUALIFIED,,
L00950,2024-06-06,Website,Disqualified,R023,
L00951,2024-09-21,, Open ,R022,
L00952,2024-01-04,Referral, open ,R021,
L00953,2023-06-11,Webinar,open,R009,
L00954,2024-11-16,Conference,CONVERTED,R013,A0091
L00955,2023-07-25,Website, DISQUALIFIED ,R001,
L00956,2024-12-21,Webinar,DISQUALIFIED,R003,
L00957,2023-10-19,Website,Disqualified,R019,
L00958,2023-10-11,,converted,R020,A0089
L00959,2024-04-10,Conference, OPEN ,R019,
L00960,2023-09-25,Referral,Open,,
L00961,2023-04-20,Website,Disqualified,R003,
L00962,2023-10-29,Cold Call, disqualified ,R004,
L00963,2023-09-21,Website,disqualified,R019,
L00964,2024-03-29,Conference,CONVERTED,R019,A0178
L00965,2023-09-07,Cold Call,Converted,R025,A0198
L00966,2024-04-16,Website,CONVERTED,R001,A0175
L00967,2023-09-22,Webinar,converted,R013,A0030
L00968,2023-08-14,Referral,disqualified,R011,
L00969,2024-06-12,Website,converted,R001,A0091
L00970,2023-09-27,Referral,Disqualified,R010,
L00971,2024-02-13,Cold Call, OPEN ,R003,
L00972,2023-07-02,Conference,DISQUALIFIED,R011,
L00973,2024-08-10,Cold Call,converted,R006,A0056
L00974,2024-11-30,Referral,DISQUALIFIED,R016,
L00975,2023-07-24,, DISQUALIFIED ,R024,
L00976,2023-09-29,, Open ,R008,
L00977,2023-09-13,Website,Open,R012,
L00978,2023-04-20,Webinar,open,R003,
L00979,2024-11-10,Conference,Disqualified,R020,
L00980,2024-07-08,Webinar,OPEN,R016,
L00981,2023-11-19,Conference,converted,R019,A0159
L00982,2023-07-07,Website, Converted ,R009,A0126
L00983,2024-08-13,Referral,converted,R002,A0057
L00984,2024-03-09,Conference,DISQUALIFIED,R018,
L00985,2024-05-29,Cold Call,OPEN,R013,
L00986,2023-06-28,Conference,DISQUALIFIED,R004,
L00987,2024-06-14,Conference, disqualified ,R011,
L00988,2023-01-09,Webinar,DISQUALIFIED,R022,
L00989,2024-01-24,Website,Open,R004,
L00990,2024-09-19,Cold Call,Converted,R006,A0093
L00991,2023-09-27,Referral, disqualified ,R009,
L00992,2023-12-18,Cold Call,Converted,R006,A0157
L00993,2023-08-04,Conference,converted,R023,A0109
L00994,2024-02-15,Cold Call, converted ,R015,A0094
L00995,2024-08-08,Referral,OPEN,R019,
L00996,2023-08-23,Webinar,Disqualified,R024,
L00997,2024-07-22,Conference,CONVERTED,R013,A0061
L00998,2023-05-30,Referral,Open,R016,
L00999,2023-06-30,Conference, open ,R016,
L01000,2024-10-07,Website,Open,R018,
L01001,2023-11-20,, Disqualified ,R010,
L01002,2024-08-04,Webinar,CONVERTED,R013,A0144
L01003,2024-12-08,Referral,OPEN,R002,
L01004,2023-09-18,Conference, OPEN ,R021,
L01005,2024-04-05,Cold Call, Open ,R009,
L01006,2024-07-27,Website,converted,R009,A0093
L01007,2024-02-26,Webinar,Converted,R012,A0006
L01008,2024-09-12,Referral, disqualified ,R019,
L01009,2024-10-27,Website, Disqualified ,R006,
L01010,2023-11-29,Website, CONVERTED ,R016,A0091
L01011,2024-04-02,Webinar,DISQUALIFIED,R013,
L01012,2023-10-21,Conference,disqualified,R021,
L01013,2023-06-21,Cold Call,open,R014,
L01014,2024-09-19,Website,DISQUALIFIED,R013,
L01015,2023-03-23,Referral,OPEN,R011,
L01016,2023-11-18,Cold Call,Open,R021,
L01017,2023-10-01,Website, Converted ,R021,A0182
L01018,2024-03-31,Cold Call,Converted,R024,A0070
L01019,2024-06-17,Conference,DISQUALIFIED,R014,
L01020,2023-07-08,Webinar,open,R005,
L01021,2023-08-29,, Disqualified ,R024,
L01022,2023-03-23,Referral, Disqualified ,R006,
L01023,2023-04-08,Webinar,converted,R016,A0027
L01024,2023-02-25,Webinar,disqualified,R025,
L01025,2023-03-27,Webinar,converted,R009,A0135
L01026,2023-06-09,Webinar,disqualified,R021,
L01027,2023-08-23,Referral,Converted,R024,A0080
L01028,2024-10-03,Referral,Converted,R005,A0114
L01029,2023-06-24,Webinar,DISQUALIFIED,R002,
L01030,2024-01-01,Cold Call, DISQUALIFIED ,,
L01031,2023-10-06,Website,Converted,R015,A0139
L01032,2024-12-15,Website,OPEN,R006,
L01033,2024-09-03,Conference,disqualified,R021,
L01034,2024-10-13,Website, Disqualified ,R014,
L01035,2024-10-17,Website,disqualified,R010,
L01036,2024-07-06,Referral,Converted,R003,A0124
L01037,2024-01-10,Conference,Converted,R009,A0079
L01038,2023-11-07,Webinar,Open,R001,
L01039,2023-05-20,Cold Call,disqualified,R010,
L01040,2023-01-09,,CONVERTED,R025,A0137
L01041,2023-01-10,Conference, CONVERTED ,R010,A0077
L01042,2023-08-25,Webinar,DISQUALIFIED,R018,
L01043,2024-02-26,Website,CONVERTED,R014,A0049
L01044,2023-06-17,,Converted,R013,A0064
L01045,2023-09-27,Webinar,OPEN,R014,
L01046,2023-09-03,Website,Disqualified,R025,
L01047,2024-12-11,Cold Call, disqualified ,R010,
L01048,2024-06-28,Cold Call, Disqualified ,R014,
L01049,2023-03-12,Referral, OPEN ,R005,
L01050,2024-10-14,Conference, CONVERTED ,R020,A0029
L01051,2024-12-18,Website,CONVERTED,R016,A0070
L01052,2023-11-25,Webinar,OPEN,R005,
L01053,2024-07-01,Webinar, open ,R006,
L01054,2023-10-16,Cold Call,open,R005,
L01055,2024-03-24,Webinar, Disqualified ,R008,
L01056,2023-06-04,Webinar,open,R016,
L01057,2023-12-17,,open,R010,
L01058,2024-04-19,Webinar, Converted ,R011,A0096
L01059,2023-05-30,Webinar, OPEN ,R009,
L01060,2024-07-10,Conference,CONVERTED,R006,A0019
L01061,2023-09-14,Conference,OPEN,R001,
L01062,2023-09-12,Conference, Open ,R025,
L01063,2023-02-04,Referral,Converted,R015,A0064
L01064,2023-04-07,Website,disqualified,R022,
L01065,2024-04-29,Conference,open,R022,
L01066,2023-06-12,Webinar,Converted,R024,A0083
L01067,2024-06-17,Webinar, disqualified ,R009,
L01068,2023-11-02,Referral,converted,R012,A0164
L01069,2024-11-13,Referral, open ,R004,
L01070,2024-10-10,Conference,OPEN,R011,
L01071,2023-06-21,Cold Call,open,R019,
L01072,2024-02-10,Referral,Open,R001,
L01073,2024-08-18,Conference, open ,R023,
L01074,2023-06-08,Cold Call,disqualified,R025,
L01075,2023-09-12,Referral, open ,R016,
L01076,2024-12-03,Website, Open ,R011,
L01077,2023-03-03,Webinar,DISQUALIFIED,R012,
L01078,2023-06-07,Website,disqualified,R004,
L01079,2024-05-14,Referral, open ,R011,
L01080,2024-10-22,Cold Call, disqualified ,R015,
L01081,2023-07-17,Webinar,disqualified,R023,
L01082,2023-05-18,Cold Call,converted,R002,A0092
L01083,2024-03-24,Website,converted,R010,A0181
L01084,2024-12-14,Conference,disqualified,R007,
L01085,2023-07-11,Website, disqualified ,R012,
L01086,2024-04-24,Cold Call,Converted,R020,A0188
L01087,2023-06-14,Webinar,Disqualified,R017,
L01088,2024-04-05,Cold Call,open,,
L01089,2024-01-11,Conference,Disqualified,R001,
L01090,2024-06-02,, disqualified ,R024,
L01091,2023-01-20,Website,Open,R012,
L01092,2023-09-02,Cold Call,DISQUALIFIED,R024,
L01093,2024-11-05,Website,open,R013,
L01094,2024-06-20,Conference,Open,R025,
L01095,2023-06-07,Website,disqualified,R010,
L01096,2024-10-18,Cold Call, CONVERTED ,R004,A0105
L01097,2024-06-19,Webinar,OPEN,R002,
L01098,2023-07-02,Webinar,open,R007,
L01099,2024-05-12,Referral, Open ,R004,
L01100,2024-08-07,Conference,OPEN,R022,
L01101,2024-09-30,,converted,R009,A0135
L01102,2024-01-11,Referral,Open,R020,
L01103,2023-03-14,Webinar, Disqualified ,R007,
L01104,2024-05-18,Webinar,Disqualified,R015,
L01105,2023-03-04,Cold Call,DISQUALIFIED,R018,
L01106,2024-03-01,Cold Call,Disqualified,R023,
L01107,2024-09-23,Cold Call,Open,R017,
L01108,2023-03-14,Cold Call,open,R003,
L01109,2024-06-15,Webinar, open ,R004,
L01110,2023-08-25,Website,DISQUALIFIED,R013,
L01111,2023-07-17,Website,Open,R022,
L01112,2024-08-06,Referral,OPEN,R018,
L01113,2024-07-25,Conference, disqualified ,R024,
L01114,2024-10-15,Website,OPEN,R012,
L01115,2024-04-14,Conference,disqualified,,
L01116,2023-07-04,,Open,R013,
L01117,2023-12-12,Referral,Disqualified,R018,
L01118,2024-03-29,Cold Call,Disqualified,,
L01119,2023-11-29,Cold Call,disqualified,R014,
L01120,2024-03-16,Cold Call,disqualified,R020,
L01121,2024-07-30,Website,Open,R007,
L01122,2024-07-17,Cold Call,Converted,R012,A0197
L01123,2024-02-11,Webinar,converted,R024,A0115
L01124,2023-10-19,Website,open,R001,
L01125,2023-05-19,Cold Call,disqualified,R001,
L01126,2023-08-08,Cold Call,CONVERTED,R001,A0057
L01127,2023-10-10,Website,Disqualified,R017,
L01128,2024-08-07,Website,Disqualified,R005,
L01129,2023-02-08,Conference,OPEN,R012,
L01130,2023-05-22,Cold Call,open,R012,
L01131,2023-09-13,Referral,disqualified,R009,
L01132,2024-08-07,Conference,converted,R019,A0024
L01133,2023-03-21,Cold Call, open ,R016,
L01134,2024-05-14,Website,Open,R004,
L01135,2024-10-19,Cold Call,disqualified,R002,
L01136,2024-08-13,Conference, disqualified ,R003,
L01137,2023-12-09,Cold Call,open,R014,
L01138,2023-08-21,Website, converted ,R001,A0031
L01139,2024-10-09,Conference,DISQUALIFIED,R002,
L01140,2023-02-12,Cold Call,converted,R018,A0135
L01141,2023-06-03,Cold Call,DISQUALIFIED,R017,
L01142,2023-08-15,Referral,disqualified,R002,
L01143,2024-02-07,Conference,DISQUALIFIED,R025,
L01144,2024-08-12,Website,DISQUALIFIED,R003,
L01145,2024-03-18,Cold Call, Open ,R013,
L01146,2023-05-16,Cold Call,Open,R003,
L01147,2023-02-20,Website,CONVERTED,R013,A0147
L01148,2024-02-13,Website,CONVERTED,R014,A0022
L01149,2023-05-14,Referral,Disqualified,R016,
L01150,2023-07-22,Conference, Disqualified ,R013,
L01151,2024-08-08,Referral,disqualified,R018,
L01152,2024-06-20,Referral, Disqualified ,R008,
L01153,2023-09-30,Conference, Open ,R011,
L01154,2024-08-12,Webinar, disqualified ,R004,
L01155,2024-02-28,Conference,Disqualified,R012,
L01156,2023-11-25,Cold Call,converted,R020,A0049
L01157,2023-01-25,Cold Call,disqualified,R006,
L01158,2024-03-28,Website,CONVERTED,R005,A0158
L01159,2023-08-28,Referral,converted,R022,A0012
L01160,2023-03-29,Webinar,converted,R024,A0040
L01161,2023-09-06,Website,OPEN,R005,
L01162,2023-12-18,, Converted ,R010,A0004
L01163,2023-01-24,Cold Call,CONVERTED,R007,A0121
L01164,2024-07-04,Referral,disqualified,R007,
L01165,2024-06-19,Cold Call,Disqualified,R018,
L01166,2023-05-25,Webinar,converted,R013,A0160
L01167,2024-11-10,Website,Disqualified,R002,
L01168,2023-03-03,Cold Call,CONVERTED,R007,A0044
L01169,2024-09-24,Cold Call, Disqualified ,R002,
L01170,2023-01-09,Webinar, CONVERTED ,R013,A0168
L01171,2023-10-05,Cold Call, disqualified ,R004,
L01172,2023-10-27,Conference, open ,R008,
L01173,2024-12-27,Webinar, converted ,R011,A0131
L01174,2024-06-28,Webinar,CONVERTED,R006,A0153
L01175,2024-05-27,Conference,open,R018,
L01176,2023-01-23,Webinar,DISQUALIFIED,R008,
L01177,2023-11-09,Cold Call,disqualified,R016,
L01178,2023-06-10,Webinar,Converted,R012,A0191
L01179,2023-12-27,Cold Call,disqualified,R021,
L01180,2024-05-28,Cold Call,Converted,R002,A0061
L01181,2023-09-21,Conference,DISQUALIFIED,R001,
L01182,2023-10-14,Referral, Disqualified ,R005,
L01183,2024-11-03,Referral,CONVERTED,R003,A0101
L01184,2024-01-27,Website, DISQUALIFIED ,R022,
L01185,2024-10-02,Referral,disqualified,R014,
L01186,2024-08-09,Referral,OPEN,R014,
L01187,2023-12-04,Conference,CONVERTED,R018,A0155
L01188,2023-07-31,Referral,Open,R019,
L01189,2024-12-01,Referral,disqualified,R005,
L01190,2024-12-23,Website,Converted,R005,A0177
L01191,2023-05-29,Website,Converted,R006,A0198
L01192,2024-07-24,Website,Converted,R024,A0018
L01193,2023-07-08,Cold Call,Open,R005,
L01194,2023-01-31,Cold Call,Disqualified,R014,
L01195,2024-03-29,Cold Call,Converted,R005,A0078
L01196,2023-04-20,Referral,open,R006,
L01197,2024-09-18,Website,Open,R009,
L01198,2024-08-03,Website,DISQUALIFIED,R008,
L01199,2023-08-26,Referral, DISQUALIFIED ,R022,
L01200,2024-01-03,,OPEN,R023,
L01201,2024-05-29,Website,Converted,R016,A0035
L01202,2024-10-27,Cold Call,Disqualified,R006,
L01203,2024-04-30,Referral,converted,R006,A0126
L01204,2023-08-20,Webinar,Open,R014,
L01205,2023-10-04,Conference, open ,R008,
L01206,2024-11-18,Referral,DISQUALIFIED,R025,
L01207,2023-03-09,,Open,R015,
L01208,2024-05-16,Cold Call,disqualified,R015,
L01209,2024-03-13,Conference, OPEN ,R025,
L01210,2024-09-14,Conference, open ,R024,
L01211,2024-09-18,Website, CONVERTED ,R020,A0101
L01212,2024-06-21,Webinar,DISQUALIFIED,R017,
L01213,2024-04-07,Conference,OPEN,R002,
L01214,2024-06-15,Website,open,R013,
L01215,2023-02-10,Website, DISQUALIFIED ,R013,
L01216,2024-10-07,Webinar, Disqualified ,R007,
L01217,2024-02-12,Cold Call,CONVERTED,R025,A0113
L01218,2023-06-20,Conference, Converted ,R010,A0119
L01219,2023-02-25,Website,disqualified,R005,
L01220,2024-04-07,Webinar,Converted,R024,A0166
L01221,2023-04-26,Referral, DISQUALIFIED ,R025,
L01222,2024-12-13,Website,Disqualified,R005,
L01223,2023-11-28,Conference, converted ,R001,A0106
L01224,2024-04-09,Website,open,R023,
L01225,2024-04-10,Webinar,open,R009,
L01226,2024-10-26,Referral,CONVERTED,R023,A0178
L01227,2023-05-07,Webinar,DISQUALIFIED,R004,
L01228,2024-04-05,Cold Call, DISQUALIFIED ,R003,
L01229,2024-12-25,Conference,Disqualified,R024,
L01230,2024-09-18,Referral,DISQUALIFIED,R013,
L01231,2024-01-25,Webinar, Disqualified ,R025,
L01232,2023-12-10,Website,Open,R022,
L01233,2023-06-16,Referral,open,R006,
L01234,2023-02-22,Conference, disqualified ,R010,
L01235,2024-04-01,Cold Call,CONVERTED,R021,A0187
L01236,2023-05-01,Referral,open,R007,
L01237,2024-09-29,Cold Call,open,R001,
L01238,2024-05-25,Website, CONVERTED ,R001,A0128
L01239,2024-05-20,Referral, disqualified ,R007,
L01240,2024-11-06,Conference,disqualified,R015,
L01241,2023-03-23,Website,converted,R020,A0114
L01242,2023-09-08,Website, OPEN ,R009,
L01243,2024-10-05,Website, Disqualified ,R007,
L01244,2023-07-09,Referral,open,R002,
L01245,2023-12-24,Webinar, DISQUALIFIED ,R005,
L01246,2024-11-14,Website,OPEN,R020,
L01247,2023-03-31,Webinar,Converted,R004,A0085
L01248,2023-06-15,Cold Call,CONVERTED,R020,A0046
L01249,2024-12-09,Website,disqualified,R019,
L01250,2023-07-01,Conference, DISQUALIFIED ,R024,
L01251,2024-01-04,Webinar,DISQUALIFIED,R003,
L01252,2024-01-13,Conference,Converted,R003,A0083
L01253,2023-03-08,Cold Call, Converted ,R016,A0141
L01254,2023-05-05,Cold Call, OPEN ,R011,
L01255,2024-02-28,Website,DISQUALIFIED,R007,
L01256,2023-08-03,Website, Disqualified ,R002,
L01257,2024-08-08,Website,open,R003,
L01258,2024-12-06,Website,Converted,R023,A0186
L01259,2024-09-15,,converted,R009,A0110
L01260,2024-08-11,Website, Disqualified ,R012,
L01261,2024-09-21,Website, open ,R016,
L01262,2024-10-09,Conference,DISQUALIFIED,R016,
L01263,2024-09-16,Referral,open,R023,
L01264,2023-01-02,Webinar,CONVERTED,R001,A0050
L01265,2023-05-01,Referral,Converted,R020,A0161
L01266,2023-02-16,Cold Call, CONVERTED ,R012,A0106
L01267,2024-10-14,Referral,DISQUALIFIED,R001,
L01268,2023-07-26,Cold Call,Disqualified,R009,
L01269,2023-11-12,Cold Call,Open,R017,
L01270,2023-11-28,Webinar,disqualified,R004,
L01271,2023-12-08,Cold Call,Disqualified,R013,
L01272,2024-08-05,Website,disqualified,R001,
L01273,2023-07-18,Cold Call, Open ,R011,
L01274,2024-05-05,Conference,DISQUALIFIED,,
L01275,2023-05-20,Conference,Disqualified,R005,
L01276,2024-04-16,Website,disqualified,R011,
L01277,2023-02-27,Website, converted ,R010,A0106
L01278,2024-11-25,Cold Call,disqualified,R018,
L01279,2023-01-20,Referral,Disqualified,R019,
L01280,2023-12-06,Cold Call,DISQUALIFIED,R003,
L01281,2023-10-15,Webinar, OPEN ,R011,
L01282,2024-07-01,Referral,CONVERTED,R019,A0161
L01283,2024-02-03,Referral,disqualified,R020,
L01284,2023-11-12,Cold Call, open ,R023,
L01285,2023-10-06,Conference,Open,R003,
L01286,2024-01-16,Conference,CONVERTED,R010,A0061
L01287,2024-06-21,Cold Call,open,R006,
L01288,2024-01-19,Webinar,open,R025,
L01289,2023-04-05,Conference,Open,R017,
L01290,2024-05-09,Website,open,R005,
L01291,2023-12-15,Conference,OPEN,R024,
L01292,2023-11-14,Cold Call,Disqualified,R005,
L01293,2024-06-12,Referral,open,R007,
L01294,2023-02-07,Conference,Disqualified,R013,
L01295,2024-06-18,Webinar, DISQUALIFIED ,R001,
L01296,2024-12-04,Website,converted,R003,A0012
L01297,2023-02-17,Webinar, CONVERTED ,R017,A0120
L01298,2023-11-16,Webinar, Disqualified ,R019,
L01299,2023-08-03,Cold Call, Converted ,R007,A0164
L01300,2023-10-21,Cold Call,OPEN,R018,
L01301,2024-03-27,Webinar,Converted,R009,A0198
L01302,2023-06-11,Cold Call,Open,R004,
L01303,2024-09-29,,open,R017,
L01304,2023-07-31,Website,open,R012,
L01305,2023-11-23,Cold Call,disqualified,R005,
L01306,2023-10-18,Website,Disqualified,R008,
L01307,2023-03-14,Cold Call, Open ,R020,
L01308,2024-03-30,Webinar,converted,R005,A0139
L01309,2024-04-27,Webinar,open,R004,
L01310,2023-03-30,Conference, CONVERTED ,R013,A0014
L01311,2024-12-22,Website,OPEN,R019,
L01312,2024-12-07,Conference,disqualified,R020,
L01313,2023-12-07,Referral, CONVERTED ,R023,A0080
L01314,2024-06-30,Webinar, Disqualified ,R025,
L01315,2023-05-15,Webinar,CONVERTED,R023,A0146
L01316,2024-04-11,Cold Call, converted ,R022,A0025
L01317,2024-12-28,Conference,disqualified,R016,
L01318,2023-08-18,Referral,OPEN,R020,
L01319,2024-02-06,Referral, CONVERTED ,R023,A0094
L01320,2023-12-05,Cold Call, Disqualified ,R015,
L01321,2023-03-08,Conference,converted,R004,A0008
L01322,2024-04-17,,CONVERTED,R010,A0123
L01323,2024-08-11,Referral, CONVERTED ,R017,A0155
L01324,2024-02-20,Webinar,open,R011,
L01325,2024-10-27,Webinar, DISQUALIFIED ,,
L01326,2024-04-17,Conference,disqualified,R019,
L01327,2024-09-27,Referral, Converted ,R018,A0062
L01328,2024-05-08,Conference, Open ,R003,
L01329,2024-12-11,Website,converted,R014,A0054
L01330,2023-12-17,Website, CONVERTED ,R023,A0146
L01331,2023-06-27,Webinar, Open ,R024,
L01332,2024-08-10,Conference, Disqualified ,,
L01333,2024-09-02,Conference, disqualified ,R011,
L01334,2023-04-10,Conference,DISQUALIFIED,R006,
L01335,2023-03-13,Website,Converted,R004,A0104
L01336,2024-09-02,Conference,DISQUALIFIED,R011,
L01337,2024-11-07,Webinar,CONVERTED,R003,A0166
L01338,2023-05-23,Website, OPEN ,R025,
L01339,2023-01-01,Referral,DISQUALIFIED,R022,
L01340,2024-04-08,Website,open,R010,
L01341,2024-08-14,Conference,Converted,R007,A0158
L01342,2024-11-28,Cold Call,OPEN,R010,
L01343,2024-11-26,Cold Call,DISQUALIFIED,R014,
L01344,2023-12-19,,Disqualified,R019,
L01345,2024-09-18,Website, Open ,R013,
L01346,2023-10-29,Webinar, Open ,R012,
L01347,2023-02-24,Webinar, disqualified ,R023,
L01348,2024-01-03,Webinar, DISQUALIFIED ,R010,
L01349,2023-08-29,Conference,open,R023,
L01350,2024-02-08,Cold Call, Disqualified ,R023,
L01351,2024-01-26,Conference,converted,R018,A0104
L01352,2024-11-09,Referral,open,R016,
L01353,2023-07-12,Website,Open,R013,
L01354,2023-06-07,Cold Call, Converted ,R022,A0107
L01355,2023-05-18,Webinar,OPEN,R003,
L01356,2023-01-17,Referral,disqualified,R024,
L01357,2024-03-23,Referral,Converted,R003,A0169
L01358,2024-10-19,Conference,open,R015,
L01359,2024-09-10,Conference, DISQUALIFIED ,R020,
L01360,2024-04-10,, Open ,R014,
L01361,2024-04-05,Conference,DISQUALIFIED,R012,
L01362,2023-07-10,Conference, Open ,R020,
L01363,2024-08-14,Conference,OPEN,R024,
L01364,2024-12-30,Website,OPEN,R009,
L01365,2024-08-13,Cold Call,CONVERTED,R002,A0140
L01366,2024-08-04,Conference,OPEN,R023,
L01367,2024-08-17,Conference,CONVERTED,R023,A0029
L01368,2023-05-26,Website,Open,R025,
L01369,2024-06-13,Webinar,Converted,R017,A0120
L01370,2023-04-01,Referral, Disqualified ,R016,
L01371,2024-11-10,, DISQUALIFIED ,R022,
L01372,2024-07-06,Website,Disqualified,R010,
L01373,2023-02-24,Cold Call,Disqualified,R018,
L01374,2024-04-25,Conference,open,R017,
L01375,2023-12-06,Conference,Converted,R012,A0147
L01376,2023-06-21,Webinar,converted,R023,A0075
L01377,2023-11-08,Website,Disqualified,R009,
L01378,2024-10-06,Conference,Open,R019,
L01379,2024-08-09,Webinar,open,R022,
L01380,2024-10-01,Webinar, converted ,R010,A0189
L01381,2023-05-10,Website,CONVERTED,R003,A0022
L01382,2023-05-16,Website,CONVERTED,R009,A0065
L01383,2023-01-15,Webinar, Converted ,R020,A0066
L01384,2024-08-28,Referral,Open,R022,
L01385,2023-06-29,Cold Call,CONVERTED,R023,A0095
L01386,2024-05-11,Referral,OPEN,R017,
L01387,2023-12-18,Webinar,open,R005,
L01388,2023-06-07,Conference,Disqualified,R025,
L01389,2024-01-28,Referral, converted ,R022,A0198
L01390,2024-10-14,Referral,converted,R007,A0186
L01391,2023-12-20,Webinar, Disqualified ,R021,
L01392,2023-04-29,Webinar,converted,R006,A0194
L01393,2024-05-02,Cold Call,converted,R016,A0103
L01394,2024-06-29,Referral,Disqualified,R013,
L01395,2024-12-23,Conference,DISQUALIFIED,R016,
L01396,2024-06-27,Conference,converted,R001,A0038
L01397,2024-01-27,Cold Call,CONVERTED,R017,A0115
L01398,2023-02-12,Webinar, disqualified ,R018,
L01399,2023-12-29,Conference,disqualified,R020,
L01400,2023-10-07,Cold Call,disqualified,R009,
L01401,2023-09-19,Website,CONVERTED,R013,A0026
L01402,2024-11-22,Referral,Converted,R024,A0198
L01403,2024-08-25,,disqualified,R017,
L01404,2024-12-07,, converted ,R011,A0174
L01405,2023-01-11,Webinar,disqualified,R003,
L01406,2024-02-26,Webinar,Open,R017,
L01407,2024-12-02,Conference, OPEN ,R012,
L01408,2023-10-18,Cold Call,open,R007,
L01409,2023-01-25,Website, Open ,R003,
L01410,2024-08-31,Referral, Open ,R020,
L01411,2023-05-05,Webinar,disqualified,R003,
L01412,2023-05-14,Conference,Disqualified,R022,
L01413,2024-08-02,Referral, disqualified ,R004,
L01414,2023-07-08,Cold Call, disqualified ,R010,
L01415,2023-03-19,Conference, Converted ,R009,A0170
L01416,2024-11-14,Cold Call,Converted,R009,A0178
L01417,2023-03-17,Cold Call,Open,R025,
L01418,2024-01-27,Conference,Open,R011,
L01419,2023-09-22,Cold Call,OPEN,R006,
L01420,2024-05-18,Referral, converted ,R020,A0018
L01421,2024-10-22,Conference, CONVERTED ,R004,A0046
L01422,2024-07-07,Conference,OPEN,R007,
L01423,2024-10-20,Webinar,Disqualified,R015,
L01424,2023-09-23,Webinar,disqualified,R002,
L01425,2023-03-14,Website,OPEN,R024,
L01426,2024-04-01,Webinar,converted,R016,A0199
L01427,2024-10-30,Webinar,open,R002,
L01428,2024-02-04,Cold Call, disqualified ,R005,
L01429,2023-12-04,Conference,Disqualified,R019,
L01430,2024-06-11,Conference,open,R016,
L01431,2023-03-13,Website,CONVERTED,R008,A0104
L01432,2024-01-29,Conference,open,R004,
L01433,2024-07-02,Cold Call,DISQUALIFIED,R011,
L01434,2023-11-07,Conference,Disqualified,,
L01435,2024-10-24,Webinar, disqualified ,R012,
L01436,2023-12-15,Webinar, disqualified ,R015,
L01437,2023-07-27,Referral, converted ,R018,A0166
L01438,2024-01-29,Referral,OPEN,R010,
L01439,2024-02-04,Webinar,DISQUALIFIED,R021,
L01440,2024-01-03,Conference,Disqualified,R003,
L01441,2024-03-24,Referral,disqualified,R005,
L01442,2023-07-17,Webinar, OPEN ,R024,
L01443,2023-09-02,Conference,disqualified,R013,
L01444,2024-07-07,Cold Call,open,R016,
L01445,2024-04-05,Webinar,DISQUALIFIED,R002,
L01446,2023-12-12,Webinar,CONVERTED,R013,A0015
L01447,2023-08-05,Website,Open,R015,
L01448,2024-07-03,Referral, disqualified ,R024,
L01449,2023-08-27,Webinar,Disqualified,R002,
L01450,2023-05-25,Conference,DISQUALIFIED,R021,
L01451,2024-04-27,Website,OPEN,R002,
L01452,2024-12-19,Referral, OPEN ,R001,
L01453,2024-10-09,Webinar, OPEN ,R010,
L01454,2024-04-12,Website,Open,R006,
L01455,2023-03-07,Webinar, disqualified ,R004,
L01456,2024-09-22,Referral,converted,R003,A0153
L01457,2024-03-12,Cold Call,Open,R024,
L01458,2024-02-16,Cold Call, disqualified ,R004,
L01459,2024-08-12,Website,Disqualified,R005,
L01460,2023-02-16,Website, CONVERTED ,R006,A0055
L01461,2023-05-04,Cold Call, CONVERTED ,R005,A0017
L01462,2024-12-14,Cold Call,Converted,R018,A0044
L01463,2024-03-25,Referral,OPEN,R019,
L01464,2023-05-17,Webinar,Open,R021,
L01465,2024-01-21,,DISQUALIFIED,R001,
L01466,2023-01-07,Webinar,converted,R006,A0021
L01467,2024-12-24,Website,open,R010,
L01468,2024-05-02,Referral,converted,,A0178
L01469,2024-10-17,Cold Call, Open ,R017,
L01470,2023-09-02,Referral,Converted,R020,A0106
L01471,2023-02-08,Website,disqualified,R006,
L01472,2024-05-26,Website,DISQUALIFIED,,
L01473,2023-11-05,Cold Call,Disqualified,R014,
L01474,2024-07-25,Referral,open,R007,
L01475,2024-06-26,Webinar,OPEN,R020,
L01476,2024-07-06,Website, converted ,R008,A0195
L01477,2024-10-03,Referral, Converted ,R009,A0198
L01478,2023-07-18,Webinar,open,R005,
L01479,2024-04-30,Conference, Disqualified ,R006,
L01480,2024-11-17,Webinar,Open,R002,
L01481,2024-01-08,Cold Call, Disqualified ,R007,
L01482,2023-12-09,Website,CONVERTED,R025,A0065
L01483,2023-04-17,Webinar,converted,R018,A0012
L01484,2023-06-11,Webinar,Open,R016,
L01485,2023-04-29,Webinar,Disqualified,R008,
L01486,2024-03-31,,disqualified,R019,
L01487,2023-07-23,Cold Call, CONVERTED ,R008,A0108
L01488,2023-11-30,Referral,Open,R004,
L01489,2024-02-27,Referral,OPEN,R013,
L01490,2023-03-17,Conference,Open,R019,
L01491,2024-03-22,Referral,Converted,R007,A0014
L01492,2024-04-10,Referral, disqualified ,R013,
L01493,2024-04-13,Referral,CONVERTED,R021,A0035
L01494,2023-07-27,Cold Call,converted,R005,A0070
L01495,2024-12-09,Website,OPEN,R002,
L01496,2023-04-24,Conference,Converted,R015,A0035
L01497,2023-12-18,Referral, converted ,R010,A0044
L01498,2023-06-10,Website,Disqualified,R006,
L01499,2024-07-20,Referral,disqualified,R003,
L01500,2024-05-15,Referral,Converted,R019,A0134
L01501,2023-10-13,Webinar,CONVERTED,R024,A0119
L01502,2023-09-10,Referral, CONVERTED ,R011,A0189
L01503,2023-08-16,Website, CONVERTED ,R005,A0149
L01504,2023-01-06,Conference,Disqualified,R002,
L01505,2024-04-26,Website, open ,R002,
L01506,2024-02-08,Conference,converted,R023,A0136
L01507,2024-04-08,Conference,Open,R008,
L01508,2024-07-25,Webinar,OPEN,R023,
L01509,2024-02-21,Referral,Disqualified,R005,
L01510,2023-09-02,Webinar, CONVERTED ,R001,A0076
L01511,2023-11-09,Referral,Converted,,A0172
L01512,2024-08-20,Webinar,CONVERTED,R015,A0147
L01513,2023-05-22,Conference, Converted ,,A0198
L01514,2024-04-20,Webinar,CONVERTED,R021,A0161
L01515,2024-01-30,Cold Call,open,R017,
L01516,2023-10-31,Conference, open ,R025,
L01517,2024-09-19,Website, CONVERTED ,,A0179
L01518,2024-12-02,Webinar,Open,R020,
L01519,2023-02-26,Website,CONVERTED,R022,A0189
L01520,2023-04-24,Conference,CONVERTED,R012,A0014
L01521,2023-02-11,Cold Call,Converted,R012,A0159
L01522,2024-10-25,Website,OPEN,R023,
L01523,2024-07-28,Referral,OPEN,R005,
L01524,2024-07-06,Webinar,CONVERTED,R021,A0062
L01525,2024-08-17,Referral, Converted ,R025,A0189
L01526,2023-08-19,Cold Call,Disqualified,R012,
L01527,2024-11-27,Conference,Converted,R009,A0129
L01528,2023-03-06,Cold Call,OPEN,R012,
L01529,2024-05-28,Website,Converted,R004,A0125
L01530,2024-06-28,,converted,R010,A0182
L01531,2024-01-12,Webinar, Converted ,R007,A0159
L01532,2023-03-24,Conference,CONVERTED,R006,A0023
L01533,2023-04-22,Referral,Converted,R009,A0020
L01534,2024-12-14,Referral, open ,R016,
L01535,2023-07-29,Website,OPEN,R021,
L01536,2023-10-28,Conference, OPEN ,R022,
L01537,2023-05-16,Conference,DISQUALIFIED,R012,
L01538,2024-10-22,,converted,R010,A0114
L01539,2023-03-06,Webinar,open,R008,
L01540,2024-10-22,,Disqualified,R014,
L01541,2023-12-18,Cold Call, DISQUALIFIED ,R016,
L01542,2024-11-12,Website,disqualified,R018,
L01543,2023-11-08,Website,CONVERTED,R005,A0118
L01544,2023-09-24,Referral,converted,R016,A0044
L01545,2023-02-18,Referral, converted ,R012,A0074
L01546,2023-06-20,Website,CONVERTED,R006,A0117
L01547,2024-07-02,Cold Call,Disqualified,R006,
L01548,2024-12-26,Referral,open,R006,
L01549,2023-04-30,Webinar, open ,R011,
L01550,2023-05-10,Conference,DISQUALIFIED,R009,
L01551,2023-07-30,Website,Converted,R023,A0048
L01552,2024-11-12,Cold Call,Open,R012,
L01553,2024-01-17,Conference,OPEN,R018,
L01554,2024-06-30,Cold Call,open,R004,
L01555,2024-02-19,Conference,OPEN,R025,
L01556,2024-04-14,Cold Call,OPEN,R005,
L01557,2024-07-13,,open,R011,
L01558,2024-12-23,Cold Call,Disqualified,R016,
L01559,2024-08-10,Referral,converted,R019,A0194
L01560,2024-03-28,Cold Call,Disqualified,R023,
L01561,2024-05-05,Webinar,open,R005,
L01562,2024-07-18,Webinar,Disqualified,R010,
L01563,2024-02-16,Website,OPEN,R008,
L01564,2023-04-05,Cold Call, Converted ,R002,A0092
L01565,2024-10-18,Referral,Disqualified,R019,
L01566,2023-08-16,Cold Call, disqualified ,R007,
L01567,2023-03-27,Website, OPEN ,R015,
L01568,2024-11-18,Webinar,DISQUALIFIED,R017,
L01569,2024-05-17,Cold Call,Converted,R020,A0050
L01570,2024-06-07,, disqualified ,R022,
L01571,2023-06-01,Conference,converted,R012,A0102
L01572,2023-01-13,Cold Call,CONVERTED,R012,A0096
L01573,2024-04-01,Website,CONVERTED,R003,A0079
L01574,2024-03-30,Conference,OPEN,R015,
L01575,2024-03-10,Conference,CONVERTED,R005,A0042
L01576,2024-09-04,Webinar, Disqualified ,R005,
L01577,2023-11-07,Conference, Open ,R017,
L01578,2024-08-27,Conference,CONVERTED,R003,A0017
L01579,2024-02-24,Cold Call,OPEN,R014,
L01580,2024-07-23,Conference,OPEN,R023,
L01581,2023-05-21,Referral, DISQUALIFIED ,R006,
L01582,2024-07-21,Conference,converted,R002,A0075
L01583,2023-11-08,Conference,Converted,R018,A0150
L01584,2024-04-19,Referral,Disqualified,R001,
L01585,2023-06-07,Cold Call, Open ,R010,
L01586,2024-10-13,Conference, Disqualified ,R004,
L01587,2024-11-12,Cold Call,Disqualified,R014,
L01588,2024-05-18,Referral,open,R001,
L01589,2023-10-11,Conference,open,R003,
L01590,2024-01-06,Website, disqualified ,R016,
L01591,2024-03-22,, Disqualified ,R021,
L01592,2024-05-02,Webinar,DISQUALIFIED,R012,
L01593,2024-08-12,Webinar,Disqualified,R009,
L01594,2024-08-18,Webinar,OPEN,R005,
L01595,2024-12-10,Referral,converted,R012,A0119
L01596,2023-02-24,Cold Call,Open,R012,
L01597,2023-12-31,Webinar, CONVERTED ,R010,A0163
L01598,2024-10-16,Webinar,Converted,R017,A0136
L01599,2024-10-05,Referral,open,R025,
L01600,2024-09-05,Referral,open,R018,
L01601,2024-12-02,Cold Call,converted,R009,A0081
L01602,2024-12-15,Cold Call,DISQUALIFIED,R004,
L01603,2024-08-16,Cold Call,Disqualified,R005,
L01604,2023-05-21,Website, Open ,,
L01605,2024-05-11,Conference, Converted ,R011,A0200
L01606,2023-04-15,Referral,Open,R005,
L01607,2023-08-15,Referral,Disqualified,R018,
L01608,2024-12-07,Website,disqualified,R018,
L01609,2024-07-18,Webinar, DISQUALIFIED ,R014,
L01610,2023-04-30,Referral,converted,R001,A0020
L01611,2023-11-16,Cold Call,Converted,R005,A0090
L01612,2024-06-19,Cold Call, converted ,R006,A0153
L01613,2023-11-08,Webinar,disqualified,R024,
L01614,2023-08-16,Referral, open ,R023,
L01615,2024-12-05,Referral, OPEN ,R010,
L01616,2023-08-03,Referral, OPEN ,R003,
L01617,2023-04-25,Webinar,CONVERTED,R001,A0177
L01618,2024-03-17,Webinar,CONVERTED,R007,A0194
L01619,2023-02-03,Website,Open,R019,
L01620,2024-04-25,Webinar,OPEN,R009,
L01621,2023-03-09,Cold Call,open,R022,
L01622,2023-04-09,Webinar,OPEN,R020,
L01623,2024-08-24,Referral,open,R006,
L01624,2023-12-26,Webinar,DISQUALIFIED,R003,
L01625,2023-10-12,Website,Open,R012,
L01626,2024-05-27,Website,Converted,R008,A0042
L01627,2024-08-06,Webinar,disqualified,R004,
L01628,2023-01-15,Website,Disqualified,R007,
L01629,2023-07-16,Cold Call, Disqualified ,R006,
L01630,2023-01-05,Webinar,Disqualified,R007,
L01631,2024-12-25,Conference,DISQUALIFIED,R012,
L01632,2024-08-26,Referral,DISQUALIFIED,,
L01633,2023-04-20,Referral, disqualified ,R012,
L01634,2023-08-08,Website, converted ,R008,A0109
L01635,2023-11-18,Webinar, Converted ,R015,A0029
L01636,2024-06-16,Referral,open,R016,
L01637,2023-10-23,Website, CONVERTED ,R024,A0181
L01638,2023-03-26,Cold Call, OPEN ,R016,
L01639,2024-01-30,Cold Call, OPEN ,R015,
L01640,2023-11-16,Conference, DISQUALIFIED ,R008,
L01641,2024-02-22,Cold Call,disqualified,R014,
L01642,2023-03-13,Conference,OPEN,R022,
L01643,2023-01-14,Conference, converted ,R022,A0046
L01644,2024-02-10,Conference,OPEN,R017,
L01645,2024-11-23,Webinar,disqualified,R004,
L01646,2024-02-09,Conference,open,R023,
L01647,2023-04-15,Referral,Disqualified,R003,
L01648,2023-12-13,Referral, converted ,R020,A0051
L01649,2023-08-27,Conference,Converted,R024,A0032
L01650,2024-12-31,,converted,R019,A0072
L01651,2024-10-21,Conference,CONVERTED,R012,A0194
L01652,2024-09-09,Conference, Converted ,R016,A0171
L01653,2023-10-13,Referral,Disqualified,R025,
L01654,2023-05-06,Cold Call, converted ,R016,A0028
L01655,2024-10-05,,converted,R001,A0060
L01656,2023-02-24,Webinar,OPEN,R016,
L01657,2023-01-28,Referral,DISQUALIFIED,R013,
L01658,2024-11-26,Cold Call, disqualified ,R005,
L01659,2024-09-30,Webinar,Converted,R025,A0160
L01660,2024-11-07,Website,Open,R025,
L01661,2023-07-26,, Converted ,R022,A0120
L01662,2024-05-31,Cold Call,CONVERTED,R018,A0126
L01663,2024-07-13,Webinar,converted,R025,A0139
L01664,2024-03-16,Webinar,OPEN,R013,
L01665,2024-01-21,Conference, CONVERTED ,R015,A0081
L01666,2023-02-03,Referral,OPEN,R018,
L01667,2023-11-07,Referral,Disqualified,R016,
L01668,2023-11-16,Conference,Converted,R016,A0035
L01669,2024-08-05,Conference, open ,R022,
L01670,2024-12-02,Website, disqualified ,R019,
L01671,2024-07-29,Referral,CONVERTED,R017,A0122
L01672,2024-02-05,Cold Call,OPEN,R016,
L01673,2024-01-22,Website,disqualified,R022,
L01674,2023-10-19,,CONVERTED,R002,A0197
L01675,2024-08-27,Webinar, Open ,R005,
L01676,2024-08-20,Webinar,CONVERTED,R025,A0090
L01677,2023-12-16,Conference,DISQUALIFIED,R004,
L01678,2024-01-01,Conference,Converted,R012,A0089
L01679,2024-11-08,Referral,Open,R008,
L01680,2024-10-25,Cold Call,open,R019,
L01681,2024-12-05,Webinar, OPEN ,R010,
L01682,2023-12-12,Referral,open,R001,
L01683,2023-11-30,Webinar,DISQUALIFIED,R015,
L01684,2024-03-08,Website, DISQUALIFIED ,R017,
L01685,2023-01-21,Conference, CONVERTED ,R019,A0069
L01686,2023-11-21,Conference,Open,R019,
L01687,2024-08-09,Webinar, CONVERTED ,R016,A0083
L01688,2024-12-08,Referral,OPEN,R011,
L01689,2024-11-14,Cold Call,converted,R006,A0129
L01690,2023-11-03,Cold Call, DISQUALIFIED ,R014,
L01691,2024-05-23,Webinar,Open,R018,
L01692,2023-10-22,Cold Call,open,R002,
L01693,2024-02-16,Referral,converted,R020,A0147
L01694,2023-04-05,Website,disqualified,R004,
L01695,2023-12-11,, DISQUALIFIED ,R003,
L01696,2024-06-27,Conference, Disqualified ,R014,
L01697,2023-12-22,Webinar,OPEN,R021,
L01698,2023-11-04,Conference,CONVERTED,R022,A0130
L01699,2023-11-17,Referral, DISQUALIFIED ,R014,
L01700,2024-10-01,Website, converted ,R015,A0065
L01701,2024-07-14,Referral,DISQUALIFIED,R001,
L01702,2024-12-21,Website, DISQUALIFIED ,R006,
L01703,2024-05-26,Referral,DISQUALIFIED,R022,
L01704,2024-04-23,Cold Call,disqualified,R021,
L01705,2024-09-21,Conference, disqualified ,R019,
L01706,2024-10-03,Webinar,Disqualified,R017,
L01707,2024-01-09,Conference,OPEN,R005,
L01708,2023-06-04,Cold Call, Open ,R014,
L01709,2023-03-07,Referral,converted,R014,A0082
L01710,2024-10-23,Referral,CONVERTED,,A0074
L01711,2024-09-07,Referral, DISQUALIFIED ,R013,
L01712,2023-04-27,Referral,Open,R007,
L01713,2023-09-09,Cold Call,open,R015,
L01714,2024-03-22,Conference, Converted ,R021,A0144
L01715,2023-07-26,Referral,Open,R009,
L01716,2023-01-30,Cold Call, open ,R009,
L01717,2024-07-17,Referral, DISQUALIFIED ,R021,
L01718,2024-05-12,Webinar,open,R002,
L01719,2023-11-18,Website,OPEN,R010,
L01720,2024-02-21,Cold Call,OPEN,R022,
L01721,2023-04-03,, DISQUALIFIED ,R024,
L01722,2023-08-30,Webinar, OPEN ,R019,
L01723,2024-05-27,Webinar, Disqualified ,R017,
L01724,2024-08-17,Website,Disqualified,R009,
L01725,2023-09-01,Website,converted,R004,A0024
L01726,2024-08-21,Conference,Converted,R024,A0085
L01727,2023-08-30,Conference,Disqualified,R007,
L01728,2023-04-20,Referral,Open,R007,
L01729,2024-02-23,Cold Call,Converted,R019,A0113
L01730,2024-05-17,Website, Open ,R012,
L01731,2023-04-26,Cold Call,DISQUALIFIED,R018,
L01732,2024-11-30,Referral,Converted,R009,A0122
L01733,2024-01-07,Conference,open,R023,
L01734,2023-01-22,Website,CONVERTED,R002,A0079
L01735,2024-11-09,Webinar, disqualified ,R023,
L01736,2023-09-03,Cold Call,Disqualified,R018,
L01737,2024-10-16,Cold Call, Converted ,R022,A0080
L01738,2024-07-01,Referral,Open,R015,
L01739,2024-02-07,Cold Call, Converted ,R010,A0003
L01740,2023-08-30,Cold Call,Open,R007,
L01741,2024-03-25,Cold Call,OPEN,R025,
L01742,2024-02-21,Webinar,Disqualified,R009,
L01743,2024-05-18,Conference, Open ,R024,
L01744,2024-03-08,Webinar,converted,,A0086
L01745,2023-09-25,Website,DISQUALIFIED,R003,
L01746,2024-09-08,Website,CONVERTED,R024,A0108
L01747,2024-12-12,Webinar,CONVERTED,R025,A0117
L01748,2024-10-18,Referral, OPEN ,R021,
L01749,2023-05-20,Webinar, converted ,R013,A0165
L01750,2024-10-05,Cold Call,Open,R011,
L01751,2023-03-26,Webinar,Disqualified,R006,
L01752,2024-06-12,Referral,open,R020,
L01753,2024-02-25,Cold Call, DISQUALIFIED ,R015,
L01754,2023-05-17,Cold Call,CONVERTED,R006,A0189
L01755,2024-08-30,Cold Call,disqualified,R010,
L01756,2023-03-28,Conference,OPEN,R012,
L01757,2024-02-07,Conference,open,R019,
L01758,2023-01-22,Webinar,OPEN,R018,
L01759,2024-09-18,Referral,disqualified,R003,
L01760,2023-09-26,Referral,Converted,R002,A0051
L01761,2024-03-15,,converted,,A0159
L01762,2023-04-02,Cold Call, open ,R006,
L01763,2023-05-01,Webinar,Disqualified,R023,
L01764,2024-03-21,Conference,disqualified,R022,
L01765,2023-08-18,Referral,converted,R007,A0031
L01766,2024-05-21,Conference,Converted,R005,A0074
L01767,2024-09-06,Referral,Converted,R010,A0053
L01768,2024-11-24,Referral,Disqualified,R014,
L01769,2024-02-23,Referral,OPEN,R001,
L01770,2023-08-30,Website,CONVERTED,R015,A0068
L01771,2024-01-14,Website,OPEN,R022,
L01772,2024-04-14,Webinar,DISQUALIFIED,R001,
L01773,2023-11-28,Conference,converted,R022,A0035
L01774,2024-12-31,Conference, OPEN ,R023,
L01775,2024-09-03,Cold Call, converted ,R003,A0189
L01776,2024-07-24,Webinar,OPEN,R002,
L01777,2024-04-27,Cold Call, CONVERTED ,R020,A0061
L01778,2024-09-04,Webinar, Disqualified ,R001,
L01779,2024-09-26,Conference,CONVERTED,R010,A0130
L01780,2024-01-15,Referral,Converted,R018,A0172
L01781,2024-08-17,Referral,OPEN,R009,
L01782,2024-05-30,Conference, OPEN ,R011,
L01783,2023-04-02,Cold Call,converted,R023,A0034
L01784,2024-03-19,Referral, disqualified ,R009,
L01785,2023-11-17,Webinar,OPEN,R005,
L01786,2024-01-05,Conference,CONVERTED,R010,A0072
L01787,2023-09-28,,converted,R011,A0157
L01788,2023-11-20,Conference,Converted,R025,A0043
L01789,2024-07-23,Conference, Open ,R002,
L01790,2023-06-02,Webinar,open,R008,
L01791,2023-02-06,Conference, open ,R009,
L01792,2024-12-23,Conference,Open,R014,
L01793,2024-05-21,Webinar, OPEN ,R015,
L01794,2024-07-28,Conference,converted,R015,A0182
L01795,2023-06-01,Webinar,converted,R012,A0029
L01796,2023-07-28,Cold Call,Open,R006,
L01797,2024-06-04,Cold Call, OPEN ,R019,
L01798,2024-08-22,Referral, Disqualified ,R019,
L01799,2024-06-22,Website, Open ,R006,
L01800,2023-09-10,Conference, Converted ,R022,A0020
L01801,2023-12-03,Webinar,open,R010,
L01802,2024-11-27,Webinar, Disqualified ,R013,
L01803,2023-04-19,Cold Call,converted,R005,A0152
L01804,2023-03-25,,Open,R023,
L01805,2024-05-06,Conference,Disqualified,R021,
L01806,2024-11-04,Webinar,CONVERTED,R011,A0153
L01807,2024-11-02,Website,open,R015,
L01808,2024-08-05,Referral,CONVERTED,,A0188
L01809,2024-10-21,Cold Call, open ,R011,
L01810,2023-03-14,Website,OPEN,R020,
L01811,2024-02-13,Cold Call,CONVERTED,R006,A0024
L01812,2024-02-13,Webinar,open,R001,
L01813,2023-06-16,Conference,open,R025,
L01814,2024-10-24,Referral, Converted ,R004,A0073
L01815,2024-03-18,Cold Call, Converted ,R022,A0126
L01816,2023-05-15,Cold Call, disqualified ,R022,
L01817,2024-01-12,Website,open,R007,
L01818,2024-02-02,Conference,CONVERTED,R009,A0115
L01819,2024-09-06,Conference,Disqualified,R003,
L01820,2024-09-20,Referral,Converted,R014,A0095
L01821,2024-03-12,Webinar, disqualified ,R002,
L01822,2023-12-16,Conference, disqualified ,R022,
L01823,2024-10-25,Referral,open,R016,
L01824,2024-10-06,Website,Disqualified,R003,
L01825,2024-03-23,Webinar,converted,R016,A0120
L01826,2023-05-11,Cold Call,converted,R008,A0039
L01827,2024-03-13,Cold Call,disqualified,R019,
L01828,2024-07-18,Webinar, OPEN ,R002,
L01829,2023-04-21,Website,DISQUALIFIED,R014,
L01830,2024-04-20,Website,converted,R009,A0025
L01831,2024-08-22,Webinar,Converted,R025,A0066
L01832,2023-01-17,Webinar, DISQUALIFIED ,R024,
L01833,2024-04-18,Referral, DISQUALIFIED ,R006,
L01834,2023-03-27,Conference,CONVERTED,R023,A0012
L01835,2024-08-24,Conference,CONVERTED,R025,A0081
L01836,2024-04-05,Website,DISQUALIFIED,R009,
L01837,2023-08-05,Referral,CONVERTED,R003,A0048
L01838,2024-09-10,Cold Call, Disqualified ,R022,
L01839,2024-03-20,Website,OPEN,R001,
L01840,2024-02-09,Webinar,OPEN,R001,
L01841,2024-11-02,Conference,Open,R015,
L01842,2024-02-19,Website,DISQUALIFIED,R024,
L01843,2024-09-25,Website,CONVERTED,R012,A0078
L01844,2024-11-20,Conference,DISQUALIFIED,R010,
L01845,2023-05-09,Referral,Open,R001,
L01846,2023-04-25,Webinar, Open ,R023,
L01847,2023-01-28,Referral,open,R016,
L01848,2023-05-29,Referral,disqualified,R014,
L01849,2024-07-05,Referral, DISQUALIFIED ,R003,
L01850,2024-04-19,Referral,Converted,R016,A0198
L01851,2023-04-30,Referral,converted,R005,A0006
L01852,2024-12-20,Conference,disqualified,R016,
L01853,2024-04-05,Website,Converted,R008,A0006
L01854,2023-10-29,Website, Open ,R013,
L01855,2023-12-08,Webinar,OPEN,R004,
L01856,2024-12-31,,DISQUALIFIED,R014,
L01857,2024-08-15,Website,Converted,R024,A0189
L01858,2023-10-25,Webinar, DISQUALIFIED ,R016,
L01859,2024-06-09,Website, Converted ,R024,A0125
L01860,2024-11-25,Conference,disqualified,R008,
L01861,2023-03-04,Website,disqualified,R001,
L01862,2023-11-20,Website,CONVERTED,R003,A0148
L01863,2024-03-03,Conference, CONVERTED ,R004,A0166
L01864,2024-10-23,Cold Call,converted,R015,A0160
L01865,2024-03-22,Webinar,DISQUALIFIED,R006,
L01866,2023-07-16,Conference, CONVERTED ,R012,A0186
L01867,2024-06-03,Referral, Converted ,R019,A0060
L01868,2023-12-14,Website, Disqualified ,R023,
L01869,2024-04-24,Referral,disqualified,R010,
L01870,2024-12-29,Conference, DISQUALIFIED ,R014,
L01871,2024-10-30,Cold Call,disqualified,R016,
L01872,2024-09-28,Referral,open,R010,
L01873,2023-03-30,Conference,DISQUALIFIED,R005,
L01874,2023-07-24,Referral,open,R020,
L01875,2024-03-01,Conference, CONVERTED ,R010,A0026
L01876,2023-08-03,Website,open,R002,
L01877,2024-01-03,Cold Call,open,R012,
L01878,2023-06-12,Referral, Disqualified ,R017,
L01879,2023-03-07,Cold Call,Open,R014,
L01880,2024-09-24,Referral,OPEN,,
L01881,2023-08-18,Conference,disqualified,R009,
L01882,2023-02-17,Website,converted,R009,A0091
L01883,2024-12-07,Website,OPEN,R020,
L01884,2023-04-17,Webinar, DISQUALIFIED ,R015,
L01885,2023-04-24,Webinar,Converted,R020,A0194
L01886,2023-04-15,Website,DISQUALIFIED,R002,
L01887,2023-04-18,Referral,DISQUALIFIED,R021,
L01888,2023-07-30,Cold Call,OPEN,R006,
L01889,2023-10-27,Conference,Disqualified,R025,
L01890,2024-05-25,Webinar, Disqualified ,R005,
L01891,2024-01-08,Cold Call,Disqualified,R005,
L01892,2023-07-26,Conference, open ,R014,
L01893,2023-09-09,Conference, Open ,R011,
L01894,2023-06-25,Webinar,converted,R009,A0130
L01895,2024-02-29,Cold Call,CONVERTED,R021,A0184
L01896,2023-09-09,Referral,Disqualified,R025,
L01897,2024-03-07,Referral, disqualified ,R005,
L01898,2024-02-24,Conference,converted,R017,A0106
L01899,2024-01-06,Webinar, disqualified ,R015,
L01900,2023-01-11,Website, open ,R003,
L01901,2023-12-13,Cold Call, OPEN ,R013,
L01902,2024-03-20,Webinar,open,R013,
L01903,2024-11-07,Referral, OPEN ,R019,
L01904,2024-10-08,Website,open,R010,
L01905,2024-11-28,Website,converted,R010,A0103
L01906,2023-11-18,Cold Call,disqualified,R001,
L01907,2024-09-17,Referral,Converted,R023,A0136
L01908,2024-10-21,Referral,converted,R018,A0115
L01909,2024-09-25,, DISQUALIFIED ,R023,
L01910,2024-02-19,Referral,CONVERTED,R010,A0167
L01911,2023-02-07,Website,OPEN,R011,
L01912,2023-05-10,Website, Converted ,R018,A0186
L01913,2023-04-06,Website,CONVERTED,R018,A0055
L01914,2023-12-15,Referral,converted,R001,A0134
L01915,2024-07-06,Website,Open,R009,
L01916,2023-11-08,Conference,open,R017,
L01917,2023-03-03,Cold Call, OPEN ,R009,
L01918,2024-06-03,Cold Call,Disqualified,R004,
L01919,2024-10-28,Webinar,open,R015,
L01920,2023-01-06,Conference,converted,R011,A0147
L01921,2024-08-18,Website,Open,R023,
L01922,2024-11-12,Website, Disqualified ,R020,
L01923,2023-12-25,Cold Call, open ,R010,
L01924,2024-08-09,Referral,DISQUALIFIED,R023,
L01925,2023-09-11,Webinar,Converted,R011,A0134
L01926,2024-08-19,Referral,disqualified,R025,
L01927,2023-04-11,Referral,CONVERTED,R023,A0117
L01928,2023-03-25,Webinar,converted,R002,A0106
L01929,2024-05-02,Referral,converted,R015,A0034
L01930,2024-01-14,Website,open,R013,
L01931,2024-07-26,Website,Disqualified,R025,
L01932,2024-08-21,Conference, converted ,R021,A0068
L01933,2024-12-06,Conference, CONVERTED ,R024,A0113
L01934,2023-05-28,Website,Converted,R005,A0042
L01935,2024-04-13,Referral, Converted ,R023,A0183
L01936,2024-06-25,Webinar,DISQUALIFIED,R023,
L01937,2024-04-11,Conference, Open ,R002,
L01938,2023-06-10,Website,disqualified,R012,
L01939,2024-09-08,Conference,open,R004,
L01940,2024-01-14,,OPEN,R010,
L01941,2024-06-19,Referral,Open,R004,
L01942,2024-01-19,Cold Call, converted ,R010,A0079
L01943,2023-05-27,Referral,CONVERTED,R019,A0008
L01944,2023-11-09,Cold Call,converted,R007,A0013
L01945,2024-05-15,Webinar, Open ,R004,
L01946,2023-12-24,Webinar,DISQUALIFIED,R002,
L01947,2024-08-09,Cold Call, converted ,R019,A0124
L01948,2024-01-22,Conference,CONVERTED,R024,A0087
L01949,2023-05-16,Referral,DISQUALIFIED,R017,
L01950,2024-04-16,Conference, Disqualified ,R022,
L01951,2023-11-30,Webinar,CONVERTED,R020,A0039
L01952,2024-09-30,Conference,Disqualified,R013,
L01953,2024-02-09,Cold Call,open,R018,
L01954,2024-11-17,Conference,OPEN,R024,
L01955,2023-04-01,Referral,converted,R023,A0166
L01956,2024-08-08,Cold Call, OPEN ,R018,
L01957,2023-05-07,, disqualified ,R003,
L01958,2024-09-25,Website,Open,R019,
L01959,2024-08-06,Website, OPEN ,R007,
L01960,2023-01-20,Webinar,CONVERTED,R022,A0129
L01961,2023-07-04,Webinar,disqualified,R009,
L01962,2023-09-09,,Open,R015,
L01963,2024-06-30,Website, OPEN ,R011,
L01964,2023-02-16,Conference, Converted ,R001,A0151
L01965,2023-07-04,Conference, converted ,R001,A0112
L01966,2023-11-21,Conference,disqualified,R009,
L01967,2023-04-28,Webinar,OPEN,R018,
L01968,2023-10-20,Referral,open,R006,
L01969,2023-04-02,Referral, Converted ,R010,A0197
L01970,2023-06-23,Webinar, converted ,R020,A0174
L01971,2023-01-28,Webinar, CONVERTED ,R010,A0047
L01972,2023-11-24,Referral, CONVERTED ,R014,A0026
L01973,2024-01-20,Webinar,CONVERTED,R002,A0067
L01974,2023-09-03,Website,OPEN,R019,
L01975,2024-05-19,, open ,R025,
L01976,2024-01-30,Webinar,Disqualified,,
L01977,2023-11-22,Conference, Open ,R018,
L01978,2024-05-10,Webinar, CONVERTED ,R014,A0017
L01979,2023-08-28,Webinar,DISQUALIFIED,R009,
L01980,2024-08-23,Webinar,DISQUALIFIED,R008,
L01981,2024-10-29,Referral,DISQUALIFIED,R010,
L01982,2024-02-21,Conference, disqualified ,R003,
L01983,2024-05-27,Referral,DISQUALIFIED,R005,
L01984,2023-06-22,Referral,CONVERTED,R018,A0139
L01985,2024-04-07,Webinar,CONVERTED,R001,A0143
L01986,2023-10-24,Referral,Converted,R001,A0159
L01987,2024-05-08,Cold Call,open,R020,
L01988,2024-01-25,Cold Call,Converted,R021,A0175
L01989,2024-08-22,Website,open,R010,
L01990,2023-06-15,Website,OPEN,,
L01991,2023-11-04,Webinar,Open,R013,
L01992,2023-05-06,Referral,Disqualified,R024,
L01993,2023-10-14,Conference,DISQUALIFIED,R007,
L01994,2024-05-31,Cold Call,Disqualified,R022,
L01995,2023-09-25,Conference,Converted,R009,A0163
L01996,2024-11-09,Cold Call,Open,R011,
L01997,2024-04-15,Website, OPEN ,R011,
L01998,2024-12-09,Referral,OPEN,R021,
L01999,2024-09-15,Conference,open,R001,
L02000,2024-11-19,Referral,Open,R014,
L00035,2023-05-15,Website, disqualified ,R013,
L00661,2024-04-15,Cold Call, CONVERTED ,R007,A0090
L00099,2024-01-11,Conference, disqualified ,R011,
L00281,2024-10-26,Cold Call,disqualified,R010,
L00998,2023-05-30,Referral,Open,R016,
L00016,2023-03-28,Website,DISQUALIFIED,R021,
L00538,2023-07-22,Conference,OPEN,R005,
L01332,2024-08-10,Conference, Disqualified ,R004,
L01969,2023-04-02,Referral, Converted ,R010,A0197
L00636,2023-12-12,Cold Call,open,R010,
