opp_id,account_id,product,stage,amount,created_date,close_date,status,probability
O00001,A0145,OmniRecord,Qualification,2396300.0,2023-08-19,,Open,30
O00002,A0170,OmniTelemed,Proposal,1467520.0,2023-07-25,,Open,50
O00003,A0057,OmniTelemed,Prospecting,1784730.0,2024-05-31,,Open,10
O00004,A0005,OmniRecord,Prospecting,2396450.0,2023-11-02,,Open,10
O00005,A0027,OmniPortal,Qualification,2060909.9999999998,2024-05-14,,Open,30
O00006,A0093,OmniRecord,Prospecting,2154440.0,2024-03-16,,Open,10
O00007,,OmniBill,Closed Lost,407770.0,2024-02-05,2024-06-06,Lost,0
O00008,A0002,OmniRecord,Qualification,1753760.0,2024-10-10,,Open,30
O00009,A0095,OmniAnalytics,Closed Won,2164000.0,2023-10-25,2024-03-02,Won,100
O00010,A0191,OmniAnalytics,Closed Lost,525940.0,2023-04-11,2023-09-16,Lost,0
O00011,A0028,OmniTelemed,Prospecting,464310.0,2023-06-23,,Open,10
O00012,A0001,OmniRecord,Negotiation,2933740.0,2023-04-18,,Open,70
O00013,A0154,OmniTelemed,Closed Won,2797390.0,2023-01-08,2023-05-21,Won,100
O00014,A0191,OmniRecord,Closed Won,380670.0,2024-05-13,2024-09-09,Won,100
O00015,A0009,OmniPortal,Proposal,403950.0,2024-08-15,,Open,50
O00016,A0042,OmniPortal,Negotiation,1445820.0,2023-12-29,,Open,70
O00017,A0006,OmniAnalytics,Negotiation,327720.0,2024-02-05,,Open,70
O00018,A0166,OmniBill,Closed Lost,478830.0,2024-10-14,2025-03-24,Lost,0
O00019,A0161,OmniAnalytics,Qualification,2213440.0,2024-11-21,,Open,30
O00020,A0111,OmniAnalytics,Negotiation,1636900.0,2024-10-13,,Open,70
O00021,A0143,OmniPortal,Qualification,79970.0,2023-01-04,,Open,30
O00022,A0066,OmniTelemed,Negotiation,286980.0,2023-01-31,,Open,70
O00023,A0059,OmniPortal,Closed Lost,1051110.0,2023-10-19,2024-03-21,Lost,0
O00024,A0097,OmniAnalytics,Prospecting,794940.0,2023-05-27,,Open,10
O00025,A0185,OmniPortal,Prospecting,2074370.0,2024-08-19,,Open,10
O00026,A0113,OmniAnalytics,Proposal,692750.0,2023-10-31,,Open,50
O00027,A0094,OmniTelemed,Proposal,1097630.0,2024-07-27,,Open,50
O00028,A0014,OmniRecord,Qualification,1902980.0,2023-01-19,,Open,30
O00029,A0110,OmniTelemed,Proposal,949780.0,2023-07-20,,Open,50
O00030,A0081,OmniPortal,Proposal,448930.0,2024-04-04,,Open,50
O00031,A0177,OmniBill,Closed Won,25.0,2024-02-27,2024-04-20,Won,100
O00032,A0010,OmniTelemed,Prospecting,1718200.0,2023-06-13,,Open,10
O00033,A0067,OmniAnalytics,Prospecting,1952680.0,2023-04-30,,Open,10
O00034,A0068,OmniPortal,Closed Lost,926530.0,2023-02-12,2023-04-21,Lost,0
O00035,A0051,OmniPortal,Prospecting,1347090.0,2023-04-26,,Open,10
O00036,A0126,OmniRecord,Negotiation,87620.0,2023-06-27,,Open,70
O00037,A0093,OmniBill,Proposal,1002850.0,2023-07-27,,Open,50
O00038,A0170,OmniRecord,Qualification,801090.0,2023-04-06,,Open,30
O00039,A0116,OmniPortal,Qualification,2982170.0,2024-07-13,,Open,30
O00040,A0008,OmniTelemed,Proposal,932550.0,2023-03-12,,Open,50
O00041,A0126,OmniAnalytics,Proposal,2052949.9999999998,2023-04-09,,Open,50
O00042,A0100,OmniBill,Negotiation,1861470.0,2023-12-26,,Open,70
O00043,A0198,OmniTelemed,Proposal,1685680.0,2024-07-20,,Open,50
O00044,A0030,OmniPortal,Qualification,1860020.0,2023-08-05,,Open,30
O00045,A0194,OmniTelemed,Closed Lost,1248000.0,2024-10-07,2024-12-02,Lost,0
O00046,A0007,OmniTelemed,Qualification,2413990.0,2024-03-09,,Open,30
O00047,A0167,OmniAnalytics,Negotiation,2859060.0,2023-05-20,,Open,70
O00048,A0016,OmniPortal,Proposal,1190070.0,2024-02-23,,Open,50
O00049,A0123,OmniPortal,Proposal,1417430.0,2023-12-31,,Open,50
O00050,A0098,OmniBill,Proposal,2701940.0,2024-07-22,,Open,50
O00051,A0067,OmniAnalytics,Prospecting,2246800.0,2023-03-21,,Open,10
O00052,A0167,OmniAnalytics,Qualification,2393170.0,2024-08-10,,Open,30
O00053,A0149,OmniTelemed,Qualification,1100740.0,2023-01-16,,Open,30
O00054,A0149,OmniTelemed,Qualification,1568190.0,2023-05-03,,Open,30
O00055,A0003,OmniBill,Closed Won,1065840.0,2023-12-09,2024-02-04,Won,100
O00056,A0065,OmniBill,Closed Won,2044740.0,2023-06-06,2023-09-26,Won,100
O00057,A0175,OmniAnalytics,Qualification,83060.0,2023-07-10,,Open,30
O00058,A0173,OmniTelemed,Negotiation,1045180.0000000001,2024-07-31,,Open,70
O00059,A0031,OmniTelemed,Prospecting,2590240.0,2024-07-30,,Open,10
O00060,A0136,OmniRecord,Proposal,597750.0,2023-07-30,,Open,50
O00061,A0155,OmniRecord,Proposal,624550.0,2024-03-19,,Open,50
O00062,A0126,OmniBill,Prospecting,2215160.0,2024-07-08,,Open,10
O00063,A0058,OmniRecord,Qualification,1707940.0,2024-06-23,,Open,30
O00064,A0075,OmniRecord,Prospecting,2225980.0,2024-10-14,,Open,10
O00065,A0122,OmniPortal,Negotiation,1797790.0,2024-12-13,,Open,70
O00066,A0177,OmniRecord,Closed Won,2601940.0,2023-05-06,2023-06-09,Open,100
O00067,A0085,OmniRecord,Negotiation,2649390.0,2024-08-15,,Open,70
O00068,A0118,OmniRecord,Closed Won,1094290.0,2024-05-11,2024-08-24,Won,100
O00069,A0195,OmniAnalytics,Proposal,2811810.0,2023-10-12,,Open,50
O00070,A0007,OmniPortal,Closed Won,-10000.0,2023-04-30,2023-08-17,Lost,100
O00071,A0064,OmniTelemed,Negotiation,2405520.0,2024-04-27,,Open,70
O00072,A0054,OmniTelemed,Closed Lost,950310.0,2023-04-30,2023-08-19,Lost,0
O00073,A0191,OmniAnalytics,Negotiation,1511250.0,2024-09-14,,Open,70
O00074,A0081,OmniTelemed,Negotiation,1893550.0,2024-07-30,,Open,70
O00075,A0097,OmniBill,Closed Lost,1256360.0,2023-06-18,2023-11-16,Lost,0
O00076,A0056,OmniBill,Proposal,2845920.0,2024-05-15,,Open,50
O00077,A0194,OmniRecord,Qualification,2045350.0,2024-10-11,,Open,30
O00078,A0158,OmniRecord,Closed Won,2016990.0,2023-02-11,2023-06-04,Won,100
O00079,A0105,OmniPortal,Proposal,2065550.0000000002,2023-04-22,,Open,50
O00080,A0068,OmniRecord,Closed Lost,739040.0,2023-07-15,2023-08-19,Lost,0
O00081,A0115,OmniPortal,Closed Won,1973040.0,2023-08-25,2023-11-01,Won,100
O00082,A0148,OmniTelemed,Negotiation,-10000.0,2024-12-12,,Open,70
O00083,A0141,OmniRecord,Closed Lost,1917540.0,2024-03-17,2024-04-24,Lost,0
O00084,A0091,OmniRecord,Closed Won,354660.0,2023-01-08,2023-03-19,Won,100
O00085,A0175,OmniAnalytics,Qualification,2603810.0,2024-03-14,,Open,30
O00086,A0192,OmniBill,Negotiation,788540.0,2024-11-08,,Open,70
O00087,A0056,OmniPortal,Qualification,1625630.0,2023-03-10,,Lost,30
O00088,A0056,OmniRecord,Closed Won,2986130.0,2023-07-17,2023-10-28,Won,100
O00089,A0020,OmniBill,Proposal,-10000.0,2024-05-08,,Open,50
O00090,A0184,OmniRecord,Negotiation,2261350.0,2023-05-27,,Open,70
O00091,A0106,OmniRecord,Prospecting,370530.0,2023-10-21,,Open,10
O00092,A0119,OmniPortal,Qualification,124260.0,2023-07-29,,Open,30
O00093,A0066,OmniPortal,Closed Won,1470350.0,2023-08-23,2023-12-19,Won,100
O00094,A0080,OmniRecord,Proposal,2483210.0,2023-11-28,,Open,50
O00095,A0090,OmniPortal,Proposal,1383590.0,2023-07-18,,Open,50
O00096,A0017,OmniRecord,Negotiation,1559970.0,2023-12-01,,Won,70
O00097,A0152,OmniBill,Negotiation,1237150.0,2024-04-29,,Open,70
O00098,A0164,OmniRecord,Prospecting,1659040.0,2024-10-24,,Open,10
O00099,A0134,OmniTelemed,Proposal,709600.0,2023-07-19,,Open,50
O00100,A0012,OmniRecord,Proposal,1663670.0,2024-01-10,,Open,50
O00101,A0122,OmniTelemed,Closed Lost,2986440.0,2023-04-17,2023-08-28,Lost,0
O00102,A0096,OmniPortal,Prospecting,1581290.0,2023-02-18,,Open,10
O00103,A0174,OmniAnalytics,Prospecting,1549350.0,2024-09-27,,Open,10
O00104,A0010,OmniBill,Proposal,888780.0,2024-02-16,,Open,50
O00105,A0184,OmniBill,Closed Won,1604230.0,2023-06-24,2023-11-11,Won,100
O00106,A0017,OmniPortal,Qualification,823790.0,2024-01-22,,Open,30
O00107,A0009,OmniTelemed,Negotiation,691710.0,2024-03-20,,Open,70
O00108,A0052,OmniRecord,Proposal,1713720.0,2024-12-07,,Open,50
O00109,A0024,OmniTelemed,Prospecting,610460.0,2023-05-17,,Open,10
O00110,A0196,OmniBill,Closed Won,2227500.0,2024-06-16,2024-07-17,Won,100
O00111,A0079,OmniAnalytics,Prospecting,1967300.0,2023-01-04,,Open,10
O00112,A0199,OmniTelemed,Closed Lost,728080.0,2024-08-04,2024-10-01,Lost,0
O00113,A0168,OmniRecord,Negotiation,894370.0,2024-02-27,,Open,70
O00114,A0066,OmniTelemed,Qualification,2189800.0,2023-07-22,,Open,30
O00115,A0144,OmniPortal,Closed Won,2439180.0,2023-07-28,2023-10-25,Won,100
O00116,A0187,OmniPortal,Closed Lost,437910.0,2024-12-16,2025-02-25,Lost,0
O00117,A0163,OmniPortal,Closed Lost,2353800.0,2023-04-16,2023-10-05,Lost,0
O00118,A0020,OmniAnalytics,Proposal,2699320.0,2024-11-05,,Open,50
O00119,A0149,OmniBill,Proposal,2080710.0,2024-07-01,,Open,50
O00120,A0064,OmniRecord,Qualification,310700.0,2024-02-12,,Open,30
O00121,A0125,OmniRecord,Negotiation,201490.0,2023-09-02,,Open,70
O00122,A0063,OmniTelemed,Proposal,264380.0,2024-04-29,,Open,50
O00123,A0195,OmniTelemed,Negotiation,1240810.0,2023-06-08,,Open,70
O00124,A0131,OmniPortal,Proposal,1813650.0,2023-01-15,,Open,50
O00125,A0121,OmniBill,Negotiation,2744390.0,2024-12-03,,Open,70
O00126,A0065,OmniTelemed,Closed Won,259320.0,2023-12-13,2024-01-19,Won,100
O00127,A0064,OmniTelemed,Prospecting,1281470.0,2024-07-03,,Open,10
O00128,A0020,OmniBill,Closed Won,1556650.0,2023-09-07,2024-01-28,Won,100
O00129,A0157,OmniBill,Closed Won,1961950.0,2023-12-03,2024-05-26,Won,100
O00130,A0058,OmniRecord,Closed Won,2683640.0,2023-07-08,2025-10-17,Won,100
O00131,,OmniTelemed,Prospecting,857990.0,2024-08-08,,Open,10
O00132,A0090,OmniBill,Closed Won,984270.0,2024-03-07,2024-08-16,Won,100
O00133,A0187,OmniBill,Qualification,2841940.0,2023-06-28,,Open,30
O00134,A0011,OmniPortal,Qualification,1915400.0,2024-06-07,,Open,30
O00135,A0107,OmniRecord,Closed Lost,302220.0,2024-03-18,2024-05-27,Lost,0
O00136,A0060,OmniRecord,Closed Lost,1196970.0,2024-07-19,2024-08-25,Lost,0
O00137,A0017,OmniTelemed,Proposal,1187860.0,2023-02-08,,Open,50
O00138,A0022,OmniAnalytics,Closed Lost,2951690.0,2023-06-04,2025-12-19,Lost,0
O00139,A0001,OmniAnalytics,Proposal,1340690.0,2023-06-12,,Open,50
O00140,A0010,OmniTelemed,Qualification,2283980.0,2023-05-12,,Open,30
O00141,A0073,OmniTelemed,Negotiation,957330.0,2023-12-04,,Open,70
O00142,A0104,OmniBill,Qualification,2458020.0,2024-07-11,,Open,30
O00143,A0166,OmniTelemed,Negotiation,2122770.0,2024-05-06,,Open,70
O00144,A0057,OmniBill,Negotiation,1404620.0,2024-02-22,,Open,70
O00145,A0007,OmniPortal,Qualification,1853100.0,2024-10-27,,Open,30
O00146,A0176,OmniAnalytics,Closed Lost,245490.0,2023-09-03,2024-01-15,Lost,0
O00147,A0143,OmniTelemed,Closed Won,195250.0,2024-01-04,2024-06-03,Won,100
O00148,A0075,OmniRecord,Closed Lost,1268010.0,2024-07-15,2024-10-17,Lost,0
O00149,A0165,OmniBill,Negotiation,1243760.0,2024-12-26,,Open,70
O00150,A0063,OmniBill,Negotiation,2236950.0,2024-01-16,,Open,70
O00151,A0107,OmniRecord,Closed Won,853460.0,2023-08-15,2023-12-10,Won,100
O00152,A0124,OmniPortal,Negotiation,2157700.0,2024-06-21,,Open,70
O00153,A0093,OmniTelemed,Qualification,2079580.0,2023-10-11,,Open,30
O00154,A0087,OmniTelemed,Qualification,1271300.0,2024-07-02,,Won,30
O00155,A0175,OmniTelemed,Closed Lost,615960.0,2023-10-26,2024-02-12,Lost,0
O00156,A0139,OmniTelemed,Qualification,610820.0,2024-09-26,,Open,30
O00157,A0097,OmniRecord,Proposal,435050.0,2023-10-01,,Open,50
O00158,A0084,OmniRecord,Qualification,1086650.0,2024-02-04,,Open,30
O00159,A0128,OmniRecord,Qualification,405600.0,2024-05-05,,Open,30
O00160,A0133,OmniBill,Closed Won,1031960.0,2024-08-24,2025-02-12,Won,100
O00161,A0140,OmniRecord,Negotiation,2289120.0,2023-01-04,,Open,70
O00162,A0060,OmniPortal,Closed Lost,1262550.0,2023-06-15,2023-12-12,Lost,0
O00163,A0075,OmniRecord,Qualification,2510400.0,2024-06-04,,Open,30
O00164,A0186,OmniRecord,Proposal,680920.0,2023-09-19,,Open,50
O00165,A0024,OmniBill,Negotiation,1852290.0,2024-07-16,,Open,70
O00166,A0003,OmniTelemed,Closed Lost,1157200.0,2023-11-23,2024-01-22,Lost,0
O00167,A0004,OmniTelemed,Negotiation,2341260.0,2023-04-15,,Open,70
O00168,,OmniTelemed,Negotiation,2757930.0,2023-01-04,,Open,70
O00169,A0127,OmniTelemed,Qualification,1892700.0,2023-07-31,,Open,30
O00170,A0174,OmniRecord,Qualification,427320.0,2023-11-08,,Open,30
O00171,A0009,OmniBill,Closed Lost,1439300.0,2024-01-11,2024-07-09,Lost,0
O00172,A0075,OmniBill,Proposal,2710250.0,2023-03-09,,Open,50
O00173,A0104,OmniAnalytics,Negotiation,1125100.0,2023-11-24,,Open,70
O00174,A0122,OmniAnalytics,Closed Won,1165180.0,2024-10-11,2024-12-18,Won,100
O00175,A0143,OmniRecord,Prospecting,2072179.9999999998,2024-11-13,,Open,10
O00176,A0127,OmniRecord,Proposal,1213170.0,2023-12-12,,Open,50
O00177,A0081,OmniPortal,Qualification,1593940.0,2024-10-02,,Open,30
O00178,A0196,OmniAnalytics,Prospecting,199840.0,2024-02-19,,Open,10
O00179,A0002,OmniRecord,Closed Lost,1323190.0,2024-01-24,2024-03-23,Lost,0
O00180,A0105,OmniRecord,Closed Lost,1061470.0,2023-03-23,2023-08-12,Lost,0
O00181,A0097,OmniPortal,Prospecting,2423290.0,2023-06-18,,Open,10
O00182,A0076,OmniAnalytics,Closed Lost,1154850.0,2024-09-07,2025-02-02,Lost,0
O00183,A0180,OmniTelemed,Prospecting,1555280.0,2023-10-28,,Open,10
O00184,A0055,OmniBill,Closed Lost,2693450.0,2024-02-01,2024-06-25,Lost,0
O00185,A0085,OmniPortal,Proposal,2548520.0,2024-01-06,,Open,50
O00186,A0068,OmniPortal,Prospecting,1184290.0,2023-07-15,,Lost,10
O00187,A0069,OmniBill,Negotiation,113120.0,2023-07-19,,Open,70
O00188,A0061,OmniTelemed,Closed Won,514330.00000000006,2024-10-06,2025-01-23,Won,100
O00189,A0156,OmniTelemed,Negotiation,1785740.0,2024-01-22,,Open,70
O00190,A0186,OmniRecord,Closed Won,2127400.0,2024-12-02,2025-01-30,Won,100
O00191,A0132,OmniPortal,Proposal,1576710.0,2023-02-07,,Open,50
O00192,A0074,OmniRecord,Proposal,1936300.0,2023-07-17,,Open,50
O00193,A0108,OmniBill,Proposal,1603010.0,2023-09-24,,Open,50
O00194,A0086,OmniRecord,Qualification,2415890.0,2024-02-04,,Open,30
O00195,A0031,OmniTelemed,Qualification,2606410.0,2024-09-19,,Open,30
O00196,A0015,OmniBill,Qualification,1982120.0,2024-09-13,,Open,30
O00197,A0054,OmniRecord,Closed Won,1957370.0,2023-10-26,2024-02-08,Won,100
O00198,,OmniRecord,Closed Lost,531810.0,2023-07-22,2023-10-30,Lost,0
O00199,A0183,OmniAnalytics,Proposal,2502630.0,2024-09-13,,Open,50
O00200,A0157,OmniTelemed,Prospecting,2763100.0,2024-05-01,,Open,10
O00201,A0048,OmniAnalytics,Negotiation,1192720.0,2024-07-24,,Open,70
O00202,A0125,OmniBill,Qualification,219330.0,2024-10-18,,Open,30
O00203,A0054,OmniPortal,Proposal,1367900.0,2024-06-23,,Open,50
O00204,A0051,OmniPortal,Closed Lost,267420.0,2024-11-28,2025-04-01,Lost,0
O00205,A0028,OmniRecord,Proposal,342180.0,2024-02-13,,Open,50
O00206,A0125,OmniPortal,Negotiation,2865460.0,2024-05-13,,Open,70
O00207,A0156,OmniAnalytics,Closed Won,1986460.0,2024-10-21,2025-01-10,Won,100
O00208,A0191,OmniBill,Closed Lost,2858880.0,2023-10-05,2024-02-10,Lost,0
O00209,A0123,OmniBill,Negotiation,284720.0,2024-03-07,,Open,70
O00210,A0121,OmniAnalytics,Proposal,2349420.0,2024-08-19,,Open,50
O00211,A0031,OmniBill,Prospecting,2520580.0,2023-11-10,,Open,10
O00212,A0086,OmniAnalytics,Closed Lost,120540.0,2023-06-17,2023-12-01,Lost,0
O00213,A0181,OmniTelemed,Closed Lost,869600.0,2023-11-02,2024-01-23,Lost,0
O00214,A0144,OmniTelemed,Qualification,1162350.0,2024-08-25,,Lost,30
O00215,A0115,OmniPortal,Closed Won,872550.0,2023-05-04,2023-08-02,Won,100
O00216,A0173,OmniPortal,Negotiation,1486370.0,2024-07-13,,Open,70
O00217,A0134,OmniPortal,Closed Won,1832790.0,2024-08-20,2024-12-28,Won,100
O00218,A0155,OmniRecord,Closed Won,2309730.0,2024-06-14,2024-10-30,Won,100
O00219,A0060,OmniTelemed,Prospecting,2961360.0,2023-11-01,,Open,10
O00220,A0032,OmniTelemed,Closed Lost,756080.0,2024-08-21,2024-09-29,Lost,0
O00221,A0191,OmniTelemed,Proposal,1849220.0,2024-12-04,,Open,50
O00222,A0073,OmniAnalytics,Proposal,1426070.0,2023-07-10,,Open,50
O00223,A0118,OmniRecord,Negotiation,456240.0,2023-11-04,,Lost,70
O00224,A0070,OmniAnalytics,Closed Lost,494160.0,2024-07-28,2024-12-10,Lost,0
O00225,A0017,OmniRecord,Closed Won,1035440.0,2024-04-16,2024-06-26,Won,100
O00226,A0141,OmniPortal,Proposal,2719250.0,2024-04-12,,Open,50
O00227,A0082,OmniRecord,Closed Won,774780.0,2023-05-07,2023-08-09,Won,100
O00228,A0098,OmniRecord,Qualification,1374060.0,2023-06-22,,Open,30
O00229,A0144,OmniRecord,Qualification,976730.0,2024-06-19,,Open,30
O00230,A0154,OmniTelemed,Closed Lost,389690.0,2023-01-20,2025-04-28,Lost,0
O00231,A0167,OmniAnalytics,Closed Won,1509680.0,2024-04-15,2024-05-15,Won,100
O00232,A0185,OmniPortal,Proposal,136740.0,2023-07-15,,Open,50
O00233,A0148,OmniTelemed,Qualification,2522210.0,2024-09-07,,Open,30
O00234,A0161,OmniBill,Proposal,1211380.0,2024-04-07,,Open,50
O00235,A0157,OmniPortal,Closed Lost,2326120.0,2024-11-23,2025-04-02,Lost,0
O00236,A0063,OmniRecord,Negotiation,2344240.0,2023-03-10,,Open,70
O00237,A0133,OmniPortal,Qualification,1248680.0,2024-03-26,,Open,30
O00238,A0189,OmniTelemed,Negotiation,256510.0,2023-08-27,,Open,70
O00239,A0058,OmniTelemed,Negotiation,662510.0,2024-06-30,,Open,70
O00240,A0031,OmniBill,Prospecting,2818440.0,2023-05-26,,Open,10
O00241,A0191,OmniPortal,Qualification,943990.0,2024-09-21,,Open,30
O00242,A0133,OmniPortal,Proposal,130320.0,2023-09-16,,Open,50
O00243,A0104,OmniPortal,Proposal,2437020.0,2023-10-11,,Open,50
O00244,A0146,OmniPortal,Negotiation,139430.0,2023-11-17,,Open,70
O00245,A0058,OmniPortal,Proposal,843620.0,2023-09-12,,Open,50
O00246,A0066,OmniTelemed,Closed Lost,1042630.0000000001,2023-04-16,2023-06-18,Lost,0
O00247,A0028,OmniPortal,Negotiation,552640.0,2024-07-07,,Open,70
O00248,A0167,OmniRecord,Prospecting,2116860.0,2024-06-27,,Open,10
O00249,A0158,OmniBill,Proposal,2757770.0,2023-06-17,,Open,50
O00250,A0137,OmniRecord,Prospecting,2380080.0,2024-08-26,,Open,10
O00251,A0042,OmniRecord,Proposal,775980.0,2024-01-30,,Open,50
O00252,A0083,OmniRecord,Proposal,1917300.0,2024-02-13,,Open,50
O00253,A0135,OmniPortal,Closed Won,1285360.0,2023-02-10,2023-03-21,Won,100
O00254,A0021,OmniTelemed,Qualification,2635840.0,2023-07-12,,Open,30
O00255,A0023,OmniAnalytics,Qualification,2428130.0,2023-01-15,,Open,30
O00256,A0070,OmniRecord,Proposal,1929930.0,2023-12-01,,Open,50
O00257,A0132,OmniAnalytics,Closed Lost,2414490.0,2024-04-18,2024-09-03,Lost,0
O00258,A0133,OmniPortal,Prospecting,1972380.0,2023-06-28,,Open,10
O00259,A0123,OmniPortal,Closed Lost,2866810.0,2024-08-07,2024-10-26,Lost,0
O00260,A0062,OmniBill,Qualification,2495450.0,2024-03-22,,Open,30
O00261,A0158,OmniAnalytics,Qualification,108770.0,2024-07-18,,Open,30
O00262,A0069,OmniAnalytics,Proposal,25.0,2024-01-23,,Open,50
O00263,A0022,OmniPortal,Closed Lost,2022030.0,2023-06-29,2023-12-23,Lost,0
O00264,A0184,OmniAnalytics,Prospecting,2207510.0,2023-10-16,,Open,10
O00265,A0017,OmniRecord,Qualification,279550.0,2023-11-11,,Open,30
O00266,A0017,OmniPortal,Qualification,2021680.0,2024-10-15,,Open,30
O00267,A0105,OmniAnalytics,Qualification,-10000.0,2024-10-11,,Open,30
O00268,A0110,OmniAnalytics,Closed Lost,2684970.0,2024-01-06,2024-04-17,Lost,0
O00269,A0110,OmniRecord,Qualification,2463710.0,2023-03-05,,Open,30
O00270,A0057,OmniTelemed,Proposal,2225410.0,2024-02-26,,Open,50
O00271,A0117,OmniBill,Negotiation,817910.0,2024-11-22,,Open,70
O00272,A0014,OmniRecord,Closed Won,2833170.0,2024-06-09,2024-08-22,Won,100
O00273,A0181,OmniTelemed,Closed Won,387840.0,2023-11-04,2024-01-26,Won,100
O00274,A0086,OmniBill,Proposal,2635640.0,2024-10-17,,Open,50
O00275,A0068,OmniBill,Proposal,1907290.0,2024-03-16,,Open,50
O00276,A0033,OmniTelemed,Closed Lost,2597320.0,2024-10-24,2024-11-23,Won,0
O00277,A0128,OmniTelemed,Prospecting,2515280.0,2023-09-12,,Open,10
O00278,A0130,OmniAnalytics,Closed Lost,1391130.0,2023-12-08,2024-01-25,Lost,0
O00279,A0063,OmniAnalytics,Prospecting,1416440.0,2023-10-07,,Open,10
O00280,,OmniRecord,Closed Won,2614860.0,2023-11-21,2023-12-25,Won,100
O00281,A0096,OmniTelemed,Qualification,2026140.0,2023-02-23,,Open,30
O00282,A0195,OmniAnalytics,Closed Lost,2804620.0,2023-10-03,2024-02-16,Lost,0
O00283,A0183,OmniAnalytics,Prospecting,436860.0,2024-02-16,,Open,10
O00284,A0158,OmniRecord,Closed Lost,1900640.0,2024-03-17,2024-05-13,Lost,0
O00285,A0025,OmniTelemed,Closed Lost,1078900.0,2024-08-29,2025-01-22,Lost,0
O00286,A0056,OmniPortal,Qualification,1018180.0,2023-01-02,,Open,30
O00287,A0060,OmniRecord,Proposal,1628680.0,2024-01-23,,Open,50
O00288,A0080,OmniBill,Closed Won,2358590.0,2023-10-05,2023-12-06,Won,100
O00289,A0141,OmniRecord,Closed Lost,995230.0,2024-11-19,2024-12-23,Lost,0
O00290,A0016,OmniTelemed,Qualification,2349900.0,2023-08-04,,Open,30
O00291,A0028,OmniTelemed,Proposal,2805560.0,2023-02-18,,Open,50
O00292,A0121,OmniTelemed,Negotiation,766660.0,2023-12-17,,Open,70
O00293,A0176,OmniBill,Closed Won,129570.0,2023-02-08,2023-05-10,Won,100
O00294,A0195,OmniAnalytics,Closed Lost,2206850.0,2024-10-09,2024-12-31,Lost,0
O00295,A0048,OmniTelemed,Qualification,2645800.0,2023-05-26,,Open,30
O00296,A0007,OmniAnalytics,Closed Lost,1124700.0,2024-12-27,2025-04-30,Lost,0
O00297,A0181,OmniAnalytics,Closed Lost,2978440.0,2023-06-01,2023-11-07,Lost,0
O00298,A0078,OmniTelemed,Negotiation,1145830.0,2023-12-20,,Open,70
O00299,A0188,OmniPortal,Closed Won,2089760.0000000002,2023-08-23,2023-11-23,Won,100
O00300,A0155,OmniTelemed,Proposal,662190.0,2023-01-31,,Open,50
O00301,A0149,OmniAnalytics,Prospecting,2914720.0,2024-05-31,,Open,10
O00302,A0131,OmniAnalytics,Negotiation,1663490.0,2024-06-27,,Open,70
O00303,A0048,OmniTelemed,Prospecting,2052620.0,2024-08-02,,Open,10
O00304,A0088,OmniPortal,Qualification,2191820.0,2024-06-05,,Open,30
O00305,A0063,OmniTelemed,Negotiation,1579380.0,2023-01-13,,Open,70
O00306,A0175,OmniRecord,Closed Won,1827400.0,2024-03-18,2024-07-18,Won,100
O00307,A0162,OmniTelemed,Closed Lost,1591760.0,2024-02-18,2024-03-23,Lost,0
O00308,A0116,OmniAnalytics,Proposal,2613860.0,2023-06-11,,Open,50
O00309,A0172,OmniAnalytics,Closed Lost,2251990.0,2024-10-17,2025-03-15,Lost,0
O00310,A0001,OmniBill,Qualification,1370150.0,2024-07-01,,Open,30
O00311,A0164,OmniTelemed,Negotiation,1102210.0,2024-04-07,,Open,70
O00312,A0085,OmniRecord,Closed Won,1678890.0,2023-02-02,2023-04-06,Won,100
O00313,A0009,OmniPortal,Proposal,2663910.0,2024-11-09,,Open,50
O00314,A0033,OmniRecord,Proposal,25.0,2024-08-22,,Open,50
O00315,A0013,OmniPortal,Proposal,664060.0,2023-01-22,,Open,50
O00316,A0162,OmniPortal,Proposal,2762800.0,2023-09-15,,Open,50
O00317,A0123,OmniPortal,Qualification,1860940.0,2023-02-12,,Open,30
O00318,A0039,OmniAnalytics,Closed Lost,2393560.0,2023-10-03,2023-11-05,Lost,0
O00319,A0175,OmniPortal,Qualification,1924580.0,2024-08-10,,Open,30
O00320,A0124,OmniRecord,Closed Won,1975530.0,2024-11-19,2024-12-19,Won,100
O00321,A0031,OmniRecord,Qualification,220880.0,2023-07-20,,Open,30
O00322,A0194,OmniPortal,Negotiation,2733860.0,2024-09-17,,Open,70
O00323,A0175,OmniRecord,Closed Lost,1214620.0,2024-10-07,2025-01-09,Lost,0
O00324,A0033,OmniPortal,Prospecting,2937460.0,2024-02-06,,Won,10
O00325,A0107,OmniPortal,Proposal,1476080.0,2023-01-30,,Open,50
O00326,A0126,OmniTelemed,Qualification,1072370.0,2024-03-29,,Open,30
O00327,A0088,OmniPortal,Proposal,448780.0,2024-12-18,,Open,50
O00328,A0182,OmniRecord,Closed Won,781500.0,2024-12-02,2025-02-19,Won,100
O00329,A0003,OmniRecord,Prospecting,2222710.0,2023-03-23,,Open,10
O00330,A0163,OmniTelemed,Qualification,576500.0,2023-12-05,,Open,30
O00331,A0041,OmniTelemed,Prospecting,225270.0,2024-05-19,,Open,10
O00332,A0076,OmniRecord,Closed Lost,1180400.0,2024-01-22,2024-04-29,Lost,0
O00333,A0054,OmniRecord,Closed Won,1164480.0,2023-10-31,2024-01-06,Won,100
O00334,A0143,OmniBill,Prospecting,1223570.0,2023-05-24,,Open,10
O00335,A0055,OmniBill,Proposal,1176860.0,2023-09-16,,Open,50
O00336,A0072,OmniPortal,Prospecting,162500.0,2023-02-19,,Open,10
O00337,A0101,OmniRecord,Negotiation,1389950.0,2024-10-21,,Open,70
O00338,A0061,OmniPortal,Negotiation,1608670.0,2024-09-25,,Open,70
O00339,A0043,OmniRecord,Proposal,410630.0,2023-05-01,,Open,50
O00340,A0011,OmniRecord,Negotiation,524780.0,2024-09-14,,Open,70
O00341,A0007,OmniTelemed,Closed Lost,808780.0,2024-09-27,2025-03-12,Lost,0
O00342,A0185,OmniRecord,Closed Lost,358960.0,2023-04-08,2023-09-01,Lost,0
O00343,A0016,OmniAnalytics,Negotiation,850700.0,2024-10-15,,Open,70
O00344,A0174,OmniPortal,Closed Lost,1026569.9999999999,2024-10-06,2025-02-07,Lost,0
O00345,A0117,OmniAnalytics,Negotiation,1798070.0,2023-08-19,,Open,70
O00346,A0188,OmniBill,Negotiation,1903870.0,2023-11-24,,Open,70
O00347,A0163,OmniTelemed,Closed Lost,2767980.0,2024-05-15,2024-07-05,Lost,0
O00348,A0006,OmniTelemed,Closed Won,2162580.0,2024-08-20,2024-11-13,Won,100
O00349,A0191,OmniPortal,Closed Won,882950.0,2024-02-16,2024-06-05,Won,100
O00350,A0042,OmniBill,Prospecting,1637240.0,2023-10-23,,Open,10
O00351,A0081,OmniBill,Qualification,830460.0,2023-08-06,,Open,30
O00352,A0007,OmniAnalytics,Closed Won,2462590.0,2023-06-28,2023-08-03,Won,100
O00353,A0119,OmniRecord,Prospecting,119190.0,2024-02-07,,Open,10
O00354,A0197,OmniPortal,Proposal,1045780.0,2024-04-02,,Open,50
O00355,A0089,OmniBill,Closed Lost,2338660.0,2024-03-20,2024-07-02,Lost,0
O00356,A0183,OmniRecord,Negotiation,671920.0,2023-05-23,,Open,70
O00357,A0088,OmniRecord,Prospecting,1439760.0,2023-05-25,,Open,10
O00358,A0163,OmniBill,Prospecting,617750.0,2023-12-24,,Open,10
O00359,A0130,OmniBill,Prospecting,1450370.0,2023-06-29,,Open,10
O00360,A0100,OmniBill,Closed Lost,782180.0,2023-01-30,2023-07-18,Lost,0
O00361,A0197,OmniRecord,Closed Lost,2758170.0,2024-07-20,2024-08-22,Lost,0
O00362,A0138,OmniTelemed,Closed Lost,1316250.0,2024-12-12,2025-01-31,Lost,0
O00363,A0028,OmniBill,Proposal,1531250.0,2023-11-06,,Open,50
O00364,A0078,OmniBill,Prospecting,1223530.0,2023-11-23,,Open,10
O00365,A0175,OmniPortal,Negotiation,424270.0,2023-04-13,,Won,70
O00366,A0035,OmniPortal,Prospecting,2121990.0,2024-06-12,,Open,10
O00367,A0028,OmniRecord,Closed Won,1615860.0,2023-04-08,2023-09-01,Won,100
O00368,A0107,OmniPortal,Qualification,2742930.0,2023-05-12,,Open,30
O00369,A0022,OmniAnalytics,Qualification,2799730.0,2024-05-10,,Open,30
O00370,A0052,OmniPortal,Prospecting,264440.0,2024-04-07,,Open,10
O00371,A0196,OmniRecord,Negotiation,1625690.0,2024-06-22,,Open,70
O00372,A0166,OmniPortal,Proposal,1286590.0,2023-11-11,,Open,50
O00373,A0026,OmniAnalytics,Negotiation,2664800.0,2023-12-25,,Open,70
O00374,A0156,OmniAnalytics,Negotiation,1670310.0,2023-12-10,,Open,70
O00375,A0050,OmniPortal,Proposal,2932170.0,2023-12-18,,Open,50
O00376,A0045,OmniAnalytics,Negotiation,1360560.0,2024-01-24,,Open,70
O00377,A0138,OmniTelemed,Closed Won,1938230.0,2024-05-18,2024-10-18,Won,100
O00378,A0193,OmniBill,Closed Lost,2497400.0,2024-01-18,2024-03-10,Lost,0
O00379,A0100,OmniPortal,Prospecting,712430.0,2023-06-14,,Open,10
O00380,A0172,OmniBill,Closed Lost,1467240.0,2023-01-31,2023-03-27,Lost,0
O00381,A0068,OmniRecord,Closed Won,1091170.0,2024-10-23,2024-12-07,Won,100
O00382,A0174,OmniPortal,Closed Lost,2441620.0,2023-12-26,2024-02-18,Lost,0
O00383,A0159,OmniTelemed,Negotiation,2198770.0,2024-10-08,,Open,70
O00384,A0189,OmniBill,Qualification,709610.0,2024-10-28,,Open,30
O00385,A0079,OmniPortal,Negotiation,495290.0,2024-08-28,,Open,70
O00386,A0108,OmniRecord,Closed Lost,319820.0,2024-10-15,2025-02-10,Lost,0
O00387,A0176,OmniBill,Qualification,0.0,2024-06-01,,Open,30
O00388,A0199,OmniAnalytics,Prospecting,1210960.0,2024-11-30,,Open,10
O00389,A0149,OmniRecord,Negotiation,596290.0,2024-06-05,,Open,70
O00390,A0023,OmniAnalytics,Closed Lost,2101990.0,2024-02-23,2024-07-03,Lost,0
O00391,A0014,OmniBill,Prospecting,2912620.0,2024-08-12,,Open,10
O00392,A0137,OmniRecord,Proposal,2827860.0,2024-10-16,,Open,50
O00393,A0134,OmniBill,Proposal,2796620.0,2023-10-08,,Open,50
O00394,A0146,OmniBill,Negotiation,786550.0,2024-03-21,,Open,70
O00395,A0136,OmniRecord,Closed Lost,2988930.0,2024-06-18,2024-11-22,Lost,0
O00396,A0114,OmniTelemed,Closed Lost,2761460.0,2023-09-12,2023-12-23,Lost,0
O00397,A0125,OmniBill,Proposal,25.0,2023-09-24,,Open,50
O00398,A0025,OmniPortal,Negotiation,1193540.0,2023-04-07,,Open,70
O00399,A0138,OmniPortal,Closed Lost,906180.0,2023-01-22,2023-06-05,Open,0
O00400,A0074,OmniPortal,Proposal,434920.0,2024-10-17,,Open,50
O00401,A0052,OmniBill,Negotiation,25.0,2023-11-06,,Open,70
O00402,A0134,OmniPortal,Prospecting,1831900.0,2024-10-15,,Open,10
O00403,A0045,OmniTelemed,Proposal,357530.0,2024-11-19,,Open,50
O00404,A0044,OmniTelemed,Closed Lost,1788240.0,2024-07-23,2024-11-09,Lost,0
O00405,A0090,OmniAnalytics,Closed Won,2379390.0,2024-01-22,2024-03-27,Won,100
O00406,A0113,OmniPortal,Qualification,708570.0,2023-07-11,,Open,30
O00407,A0087,OmniTelemed,Prospecting,435370.0,2024-07-27,,Open,10
O00408,A0120,OmniPortal,Negotiation,707680.0,2023-01-08,,Open,70
O00409,A0066,OmniRecord,Closed Won,1354860.0,2023-09-16,2023-12-21,Won,100
O00410,A0120,OmniPortal,Proposal,2159330.0,2023-05-13,,Open,50
O00411,A0078,OmniPortal,Closed Won,1233290.0,2023-12-06,2024-02-03,Won,100
O00412,A0106,OmniTelemed,Qualification,246270.0,2024-01-15,,Open,30
O00413,A0019,OmniPortal,Prospecting,780230.0,2024-12-05,,Open,10
O00414,A0169,OmniBill,Closed Lost,1682450.0,2023-12-02,2024-03-07,Lost,0
O00415,A0165,OmniPortal,Prospecting,2149490.0,2023-12-01,,Open,10
O00416,A0002,OmniRecord,Proposal,2426450.0,2024-03-26,,Open,50
O00417,A0067,OmniAnalytics,Closed Lost,1603310.0,2023-02-14,2023-07-18,Lost,0
O00418,A0107,OmniPortal,Proposal,1627310.0,2024-06-14,,Open,50
O00419,A0077,OmniRecord,Qualification,1659590.0,2023-09-13,,Open,30
O00420,A0031,OmniBill,Negotiation,1335340.0,2024-05-22,,Open,70
O00421,A0138,OmniBill,Qualification,1082940.0,2023-10-21,,Open,30
O00422,A0139,OmniBill,Closed Lost,2756060.0,2023-05-11,2023-08-14,Lost,0
O00423,A0093,OmniBill,Proposal,2487020.0,2024-07-08,,Open,50
O00424,A0138,OmniRecord,Negotiation,2624320.0,2024-11-10,,Open,70
O00425,A0049,OmniAnalytics,Qualification,962190.0,2024-05-13,,Open,30
O00426,A0109,OmniAnalytics,Proposal,1251780.0,2023-09-26,,Won,50
O00427,A0026,OmniRecord,Closed Lost,2308620.0,2024-11-02,2024-12-29,Lost,0
O00428,A0009,OmniRecord,Proposal,2037070.0,2024-04-18,,Open,50
O00429,A0057,OmniTelemed,Closed Lost,1998350.0,2023-03-23,2023-06-04,Lost,0
O00430,A0148,OmniTelemed,Closed Lost,744130.0,2023-11-17,2024-04-28,Lost,0
O00431,A0065,OmniAnalytics,Closed Won,2950580.0,2024-12-28,2025-01-29,Won,100
O00432,A0173,OmniRecord,Qualification,1403120.0,2023-03-17,,Open,30
O00433,A0035,OmniPortal,Negotiation,2107060.0,2023-11-26,,Open,70
O00434,A0099,OmniTelemed,Proposal,624170.0,2024-09-08,,Open,50
O00435,A0002,OmniTelemed,Prospecting,2059389.9999999998,2023-10-16,,Open,10
O00436,A0070,OmniPortal,Closed Won,2734660.0,2023-09-16,2023-10-19,Won,100
O00437,A0135,OmniRecord,Closed Lost,617280.0,2024-07-04,2025-05-05,Lost,0
O00438,A0043,OmniTelemed,Closed Lost,181940.0,2024-02-17,2024-05-23,Lost,0
O00439,A0025,OmniTelemed,Closed Won,2303340.0,2023-11-30,2024-05-20,Won,100
O00440,A0192,OmniAnalytics,Prospecting,505930.0,2024-08-01,,Open,10
O00441,A0063,OmniPortal,Negotiation,792900.0,2023-05-10,,Open,70
O00442,A0107,OmniAnalytics,Closed Won,1385360.0,2023-05-13,2023-10-24,Won,100
O00443,A0004,OmniBill,Qualification,1672900.0,2024-01-30,,Open,30
O00444,A0082,OmniPortal,Qualification,2972540.0,2023-02-14,,Open,30
O00445,A0004,OmniTelemed,Prospecting,1126910.0,2024-07-10,,Lost,10
O00446,A0007,OmniRecord,Closed Won,2316800.0,2024-06-07,2024-07-10,Won,100
O00447,A0002,OmniBill,Prospecting,51360.0,2023-07-19,,Open,10
O00448,A0117,OmniTelemed,Qualification,1661160.0,2024-02-11,,Lost,30
O00449,A0135,OmniPortal,Closed Lost,522750.0,2024-11-02,2025-01-10,Lost,0
O00450,A0014,OmniBill,Prospecting,1390190.0,2023-03-04,,Open,10
O00451,A0139,OmniRecord,Negotiation,1734750.0,2023-06-24,,Open,70
O00452,A0043,OmniBill,Closed Lost,1791440.0,2024-01-23,2024-06-01,Lost,0
O00453,A0043,OmniRecord,Proposal,843890.0,2023-12-23,,Open,50
O00454,A0179,OmniRecord,Closed Won,2976800.0,2023-03-02,2023-07-24,Won,100
O00455,A0001,OmniBill,Negotiation,2214870.0,2024-09-26,,Open,70
O00456,A0170,OmniBill,Closed Lost,1803340.0,2023-06-08,2023-11-28,Lost,0
O00457,A0105,OmniBill,Proposal,1636920.0,2023-09-01,,Open,50
O00458,A0079,OmniTelemed,Qualification,2125290.0,2024-02-04,,Open,30
O00459,A0052,OmniTelemed,Closed Won,2325510.0,2024-10-14,2025-03-31,Won,100
O00460,A0125,OmniAnalytics,Closed Won,1005220.0,2024-09-15,2024-11-06,Won,100
O00461,A0014,OmniTelemed,Qualification,2325180.0,2023-08-24,,Open,30
O00462,A0062,OmniAnalytics,Proposal,2555080.0,2024-05-31,,Open,50
O00463,,OmniPortal,Qualification,2682070.0,2024-10-27,,Open,30
O00464,A0057,OmniAnalytics,Negotiation,1981640.0,2024-10-25,,Won,70
O00465,A0133,OmniTelemed,Prospecting,2668080.0,2023-03-25,,Open,10
O00466,A0170,OmniTelemed,Prospecting,1082930.0,2024-07-22,,Open,10
O00467,A0125,OmniAnalytics,Qualification,104720.0,2024-10-13,,Open,30
O00468,A0039,OmniTelemed,Negotiation,304560.0,2024-08-22,,Open,70
O00469,A0154,OmniRecord,Closed Lost,2581930.0,2024-09-16,2024-12-31,Lost,0
O00470,A0017,OmniPortal,Negotiation,1720590.0,2024-10-04,,Open,70
O00471,A0169,OmniBill,Closed Lost,174340.0,2024-04-20,2024-09-27,Lost,0
O00472,A0158,OmniRecord,Proposal,1018480.0,2023-09-27,,Open,50
O00473,A0139,OmniRecord,Prospecting,1709150.0,2024-09-22,,Open,10
O00474,A0031,OmniPortal,Closed Lost,527120.0,2023-10-14,2024-02-07,Lost,0
O00475,A0133,OmniAnalytics,Closed Won,2229100.0,2023-10-04,2024-04-01,Won,100
O00476,A0066,OmniRecord,Prospecting,1750140.0,2023-06-28,,Open,10
O00477,A0108,OmniBill,Closed Won,2738380.0,2024-06-13,2024-10-22,Won,100
O00478,A0089,OmniTelemed,Prospecting,2941150.0,2024-05-20,,Open,10
O00479,A0169,OmniBill,Prospecting,2493290.0,2024-07-24,,Open,10
O00480,A0164,OmniRecord,Proposal,1397650.0,2023-01-22,,Open,50
O00481,A0021,OmniTelemed,Negotiation,891410.0,2023-08-04,,Open,70
O00482,A0196,OmniAnalytics,Negotiation,998450.0,2023-05-31,,Open,70
O00483,A0169,OmniTelemed,Qualification,1024020.0,2024-12-15,,Open,30
O00484,A0195,OmniAnalytics,Closed Lost,1293920.0,2023-01-26,2023-07-15,Won,0
O00485,A0069,OmniPortal,Closed Won,2200310.0,2023-01-02,2023-02-27,Won,100
O00486,A0087,OmniTelemed,Prospecting,426760.0,2023-08-05,,Open,10
O00487,A0098,OmniBill,Proposal,2125970.0,2023-10-28,,Open,50
O00488,A0159,OmniAnalytics,Negotiation,2051230.0,2023-01-05,,Open,70
O00489,A0035,OmniAnalytics,Prospecting,1737850.0,2023-02-10,,Open,10
O00490,A0101,OmniPortal,Qualification,959380.0,2023-10-03,,Open,30
O00491,A0200,OmniPortal,Prospecting,1883410.0,2024-01-04,,Open,10
O00492,A0122,OmniPortal,Qualification,2521030.0,2024-06-29,,Open,30
O00493,A0123,OmniPortal,Proposal,1401330.0,2023-09-06,,Open,50
O00494,A0014,OmniTelemed,Qualification,1033240.0,2023-05-16,,Open,30
O00495,A0172,OmniTelemed,Closed Won,137370.0,2024-09-24,2024-11-17,Won,100
O00496,A0173,OmniRecord,Prospecting,2162540.0,2024-03-03,,Open,10
O00497,A0064,OmniAnalytics,Closed Lost,1407600.0,2024-10-04,2024-11-23,Lost,0
O00498,A0130,OmniRecord,Proposal,2673660.0,2023-05-18,,Open,50
O00499,A0012,OmniBill,Qualification,624530.0,2023-11-20,,Open,30
O00500,A0200,OmniTelemed,Negotiation,2633120.0,2024-04-12,,Open,70
O00501,A0064,OmniBill,Negotiation,2978330.0,2024-10-30,,Open,70
O00502,A0193,OmniBill,Closed Won,2554470.0,2024-01-23,2024-05-20,Won,100
O00503,A0116,OmniAnalytics,Closed Lost,1103830.0,2023-05-23,2023-09-14,Lost,0
O00504,A0131,OmniPortal,Closed Won,1005130.0,2024-01-29,2024-07-15,Won,100
O00505,A0093,OmniRecord,Closed Lost,0.0,2024-01-29,2024-05-06,Lost,0
O00506,A0129,OmniPortal,Closed Won,545020.0,2024-02-15,2024-06-03,Won,100
O00507,A0131,OmniPortal,Prospecting,711280.0,2023-02-22,,Open,10
O00508,A0014,OmniBill,Proposal,1089430.0,2024-02-19,,Open,50
O00509,A0165,OmniAnalytics,Proposal,2553100.0,2023-09-02,,Open,50
O00510,A0074,OmniPortal,Closed Won,1553660.0,2023-05-20,2023-11-15,Won,100
O00511,A0068,OmniTelemed,Proposal,899090.0,2023-01-07,,Open,50
O00512,A0074,OmniRecord,Closed Lost,2112490.0,2024-01-16,2024-02-24,Lost,0
O00513,A0085,OmniPortal,Qualification,2307200.0,2024-05-08,,Open,30
O00514,A0011,OmniPortal,Closed Won,2733060.0,2024-10-26,2024-12-22,Won,100
O00515,A0017,OmniTelemed,Prospecting,1792090.0,2024-10-25,,Open,10
O00516,A0031,OmniBill,Closed Won,1952570.0,2024-01-08,2024-05-06,Won,100
O00517,A0084,OmniTelemed,Proposal,532420.0,2024-08-11,,Open,50
O00518,A0135,OmniRecord,Closed Lost,613310.0,2024-10-25,2025-01-01,Lost,0
O00519,A0074,OmniRecord,Closed Won,2019810.0,2024-04-16,2024-09-11,Won,100
O00520,A0185,OmniRecord,Prospecting,1583420.0,2023-04-21,,Open,10
O00521,A0183,OmniPortal,Negotiation,2106550.0,2024-04-16,,Open,70
O00522,A0076,OmniBill,Negotiation,202230.0,2023-09-28,,Open,70
O00523,A0140,OmniTelemed,Prospecting,2604900.0,2024-06-16,,Open,10
O00524,A0085,OmniTelemed,Qualification,1343540.0,2023-09-22,,Open,30
O00525,A0058,OmniPortal,Closed Won,2320480.0,2024-04-26,2024-07-29,Won,100
O00526,A0155,OmniBill,Closed Lost,952010.0,2024-05-06,2024-09-12,Lost,0
O00527,A0179,OmniTelemed,Closed Won,1767790.0,2024-06-01,2024-10-15,Won,100
O00528,A0021,OmniPortal,Closed Lost,2225060.0,2024-12-18,2025-05-31,Lost,0
O00529,A0171,OmniPortal,Negotiation,1180140.0,2023-11-20,,Open,70
O00530,A0135,OmniRecord,Closed Won,914100.0,2023-03-25,2023-08-08,Won,100
O00531,A0163,OmniAnalytics,Qualification,2190620.0,2024-12-11,,Open,30
O00532,A0115,OmniTelemed,Closed Lost,157030.0,2023-01-29,2023-05-21,Lost,0
O00533,A0050,OmniRecord,Qualification,2978840.0,2023-01-21,,Open,30
O00534,A0095,OmniAnalytics,Closed Lost,2545390.0,2023-11-03,2023-12-18,Lost,0
O00535,A0036,OmniTelemed,Proposal,2782990.0,2024-09-28,,Open,50
O00536,A0095,OmniTelemed,Negotiation,1299200.0,2023-11-25,,Open,70
O00537,A0096,OmniTelemed,Prospecting,1939130.0,2024-03-01,,Open,10
O00538,A0133,OmniRecord,Qualification,152490.0,2024-06-14,,Open,30
O00539,A0062,OmniPortal,Qualification,372130.0,2024-06-16,,Open,30
O00540,A0178,OmniBill,Proposal,1765490.0,2023-11-11,,Open,50
O00541,A0028,OmniBill,Closed Lost,746030.0,2023-09-25,2024-01-16,Lost,0
O00542,A0150,OmniBill,Qualification,570500.0,2024-01-14,,Open,30
O00543,A0178,OmniTelemed,Prospecting,2895630.0,2023-07-05,,Open,10
O00544,A0074,OmniAnalytics,Proposal,2518250.0,2023-03-21,,Open,50
O00545,,OmniPortal,Qualification,2442330.0,2024-04-21,,Open,30
O00546,A0070,OmniBill,Proposal,352920.0,2023-10-17,,Open,50
O00547,A0153,OmniBill,Closed Won,2473770.0,2023-07-25,2023-09-27,Won,100
O00548,A0127,OmniRecord,Qualification,656330.0,2024-04-20,,Open,30
O00549,A0066,OmniRecord,Qualification,1597760.0,2023-03-18,,Open,30
O00550,A0012,OmniPortal,Prospecting,2354470.0,2024-05-11,,Open,10
O00551,A0100,OmniBill,Proposal,857690.0,2023-08-01,,Open,50
O00552,A0072,OmniPortal,Prospecting,585300.0,2024-01-20,,Open,10
O00553,A0054,OmniBill,Closed Lost,1131590.0,2023-10-12,2023-11-29,Lost,0
O00554,A0182,OmniPortal,Closed Lost,578720.0,2024-07-14,2024-12-17,Lost,0
O00555,A0010,OmniBill,Proposal,494710.0,2024-01-04,,Open,50
O00556,A0185,OmniRecord,Proposal,2050130.0,2023-08-22,,Open,50
O00557,A0090,OmniRecord,Negotiation,435580.0,2023-07-22,,Open,70
O00558,A0172,OmniPortal,Closed Won,1129270.0,2023-09-27,2024-01-14,Won,100
O00559,A0138,OmniAnalytics,Qualification,1195960.0,2024-10-10,,Open,30
O00560,A0193,OmniBill,Closed Lost,2975490.0,2023-12-08,2024-03-20,Lost,0
O00561,A0168,OmniPortal,Qualification,2637880.0,2023-09-20,,Open,30
O00562,A0010,OmniAnalytics,Closed Lost,2801770.0,2023-08-31,2023-10-11,Lost,0
O00563,A0196,OmniPortal,Prospecting,2885540.0,2023-08-20,,Open,10
O00564,A0157,OmniRecord,Prospecting,835710.0,2024-11-02,,Open,10
O00565,A0136,OmniTelemed,Qualification,1446150.0,2024-10-11,,Open,30
O00566,A0043,OmniBill,Proposal,201940.0,2024-05-18,,Open,50
O00567,A0010,OmniAnalytics,Negotiation,1709110.0,2024-11-11,,Open,70
O00568,A0058,OmniBill,Proposal,1129650.0,2024-01-02,,Open,50
O00569,A0103,OmniBill,Closed Won,1143370.0,2024-07-22,2024-09-06,Won,100
O00570,A0135,OmniBill,Closed Won,818870.0,2023-08-03,2024-01-24,Won,100
O00571,A0200,OmniPortal,Proposal,1613130.0,2024-02-03,,Open,50
O00572,A0149,OmniTelemed,Prospecting,179200.0,2023-12-20,,Open,10
O00573,A0184,OmniAnalytics,Negotiation,2148750.0,2023-08-02,,Open,70
O00574,A0052,OmniTelemed,Prospecting,1409510.0,2023-05-09,,Open,10
O00575,A0104,OmniPortal,Prospecting,1755110.0,2023-10-23,,Open,10
O00576,A0003,OmniAnalytics,Proposal,1395060.0,2024-01-15,,Open,50
O00577,A0007,OmniRecord,Negotiation,2431550.0,2023-01-16,,Open,70
O00578,A0086,OmniPortal,Closed Lost,2524380.0,2023-12-22,2024-04-12,Lost,0
O00579,A0133,OmniTelemed,Closed Won,1919810.0,2023-02-09,2023-06-20,Won,100
O00580,A0083,OmniTelemed,Negotiation,2609170.0,2024-05-23,,Open,70
O00581,A0192,OmniBill,Qualification,645770.0,2023-10-24,,Open,30
O00582,A0047,OmniRecord,Proposal,758680.0,2023-03-04,,Open,50
O00583,A0103,OmniBill,Closed Lost,239020.0,2023-04-18,2023-05-27,Lost,0
O00584,A0110,OmniTelemed,Negotiation,2522480.0,2023-04-14,,Open,70
O00585,A0190,OmniBill,Negotiation,2288460.0,2023-12-15,,Open,70
O00586,A0152,OmniRecord,Closed Lost,2401060.0,2023-04-04,2023-07-20,Lost,0
O00587,A0184,OmniBill,Prospecting,2928940.0,2023-06-07,,Open,10
O00588,A0141,OmniPortal,Prospecting,444050.0,2023-05-28,,Open,10
O00589,A0056,OmniBill,Closed Won,1262910.0,2023-05-04,2023-08-11,Won,100
O00590,A0001,OmniBill,Closed Lost,898320.0,2023-12-04,2024-03-19,Lost,0
O00591,A0035,OmniBill,Proposal,2227820.0,2023-06-09,,Open,50
O00592,A0044,OmniAnalytics,Qualification,115960.0,2023-08-25,,Open,30
O00593,A0177,OmniBill,Closed Lost,214390.0,2023-01-28,2023-03-23,Lost,0
O00594,A0049,OmniBill,Negotiation,1602960.0,2024-09-10,,Open,70
O00595,A0044,OmniTelemed,Closed Lost,2032630.0,2023-09-29,2023-12-28,Lost,0
O00596,A0086,OmniRecord,Closed Lost,1778850.0,2024-05-15,2024-11-06,Lost,0
O00597,A0025,OmniBill,Proposal,729250.0,2023-06-15,,Open,50
O00598,A0155,OmniAnalytics,Negotiation,393890.0,2024-05-11,,Open,70
O00599,A0106,OmniBill,Closed Won,878000.0,2024-12-14,2025-05-25,Won,100
O00600,A0071,OmniPortal,Closed Lost,1490170.0,2024-01-20,2024-05-02,Lost,0
O00601,A0015,OmniTelemed,Closed Won,2611190.0,2024-04-14,2024-10-09,Won,100
O00602,A0093,OmniBill,Negotiation,253890.0,2023-10-09,,Open,70
O00603,A0001,OmniTelemed,Qualification,50790.0,2024-04-21,,Open,30
O00604,A0011,OmniTelemed,Prospecting,1206730.0,2023-09-01,,Open,10
O00605,A0097,OmniRecord,Qualification,1481210.0,2023-07-12,,Open,30
O00606,A0032,OmniAnalytics,Negotiation,1436150.0,2023-06-17,,Open,70
O00607,A0108,OmniRecord,Negotiation,2250370.0,2023-07-22,,Open,70
O00608,A0110,OmniBill,Closed Won,479460.0,2023-11-25,2024-05-12,Won,100
O00609,A0147,OmniPortal,Closed Lost,1378900.0,2024-04-10,2024-06-29,Lost,0
O00610,A0140,OmniBill,Closed Lost,25.0,2024-05-29,2024-08-06,Lost,0
O00611,A0017,OmniAnalytics,Negotiation,540220.0,2023-06-13,,Open,70
O00612,A0043,OmniBill,Qualification,2841120.0,2023-08-17,,Open,30
O00613,A0051,OmniTelemed,Closed Lost,2369790.0,2023-07-21,2023-12-26,Lost,0
O00614,A0084,OmniBill,Closed Lost,531850.0,2023-12-12,2024-01-18,Lost,0
O00615,A0099,OmniBill,Negotiation,2060820.0000000002,2024-08-17,,Open,70
O00616,A0181,OmniAnalytics,Prospecting,2638470.0,2024-12-04,,Open,10
O00617,A0025,OmniAnalytics,Proposal,269510.0,2023-11-15,,Open,50
O00618,A0087,OmniBill,Qualification,1791280.0,2023-06-08,,Open,30
O00619,A0065,OmniAnalytics,Negotiation,1356190.0,2023-01-27,,Open,70
O00620,A0134,OmniTelemed,Qualification,1747080.0,2023-08-21,,Open,30
O00621,A0179,OmniAnalytics,Prospecting,874650.0,2023-06-10,,Open,10
O00622,A0178,OmniTelemed,Closed Lost,608060.0,2024-10-20,2025-03-16,Lost,0
O00623,A0072,OmniRecord,Proposal,2773280.0,2023-12-17,,Open,50
O00624,A0142,OmniBill,Qualification,2161250.0,2024-04-02,,Open,30
O00625,A0131,OmniTelemed,Proposal,2373900.0,2023-03-23,,Open,50
O00626,A0188,OmniTelemed,Prospecting,1054020.0,2023-02-03,,Open,10
O00627,A0149,OmniAnalytics,Proposal,1706110.0,2024-01-06,,Open,50
O00628,A0147,OmniAnalytics,Prospecting,1550860.0,2023-07-09,,Open,10
O00629,A0089,OmniPortal,Qualification,713740.0,2024-12-15,,Open,30
O00630,A0175,OmniBill,Prospecting,66750.0,2023-01-05,,Open,10
O00631,A0144,OmniPortal,Prospecting,1694780.0,2024-09-09,,Lost,10
O00632,A0078,OmniTelemed,Proposal,1211760.0,2024-04-12,,Open,50
O00633,A0073,OmniPortal,Closed Lost,1908810.0,2023-12-25,2024-03-07,Lost,0
O00634,A0191,OmniTelemed,Prospecting,843190.0,2023-09-13,,Open,10
O00635,A0190,OmniAnalytics,Closed Lost,1173430.0,2024-01-07,2024-02-16,Lost,0
O00636,A0143,OmniPortal,Closed Won,452320.0,2023-05-23,2023-10-17,Won,100
O00637,A0170,OmniRecord,Closed Lost,559500.0,2023-05-14,2023-09-15,Lost,0
O00638,A0163,OmniAnalytics,Closed Lost,354750.0,2023-04-24,2023-06-08,Lost,0
O00639,A0193,OmniAnalytics,Proposal,2229650.0,2023-07-02,,Open,50
O00640,A0168,OmniAnalytics,Prospecting,471360.0,2024-11-06,,Open,10
O00641,A0105,OmniPortal,Negotiation,2694220.0,2024-06-03,,Open,70
O00642,A0007,OmniTelemed,Proposal,2851510.0,2023-11-17,,Open,50
O00643,A0146,OmniPortal,Proposal,1477420.0,2023-09-12,,Open,50
O00644,A0052,OmniPortal,Proposal,553050.0,2023-10-23,,Open,50
O00645,A0197,OmniAnalytics,Qualification,2936320.0,2023-06-09,,Open,30
O00646,A0007,OmniPortal,Proposal,848430.0,2023-08-19,,Open,50
O00647,A0036,OmniPortal,Closed Lost,248100.0,2023-08-14,2023-11-28,Lost,0
O00648,A0016,OmniBill,Negotiation,260029.99999999997,2023-06-02,,Open,70
O00649,A0183,OmniAnalytics,Qualification,2394900.0,2023-02-14,,Open,30
O00650,A0156,OmniRecord,Proposal,2043680.0,2024-02-26,,Open,50
O00651,A0137,OmniBill,Closed Lost,2735530.0,2024-09-25,2025-01-26,Lost,0
O00652,A0062,OmniRecord,Closed Lost,2963260.0,2023-06-17,2023-10-18,Lost,0
O00653,A0042,OmniPortal,Proposal,1780070.0,2023-10-16,,Open,50
O00654,A0113,OmniTelemed,Negotiation,232130.0,2024-03-24,,Open,70
O00655,A0167,OmniPortal,Proposal,881340.0,2024-06-02,,Open,50
O00656,A0106,OmniBill,Prospecting,1426710.0,2024-11-05,,Open,10
O00657,A0189,OmniRecord,Negotiation,1596390.0,2023-02-10,,Open,70
O00658,A0188,OmniRecord,Closed Lost,158150.0,2023-05-19,2023-09-01,Lost,0
O00659,A0075,OmniTelemed,Prospecting,1147160.0,2024-09-12,,Open,10
O00660,A0164,OmniAnalytics,Qualification,359120.0,2024-06-05,,Open,30
O00661,A0124,OmniAnalytics,Closed Lost,1779920.0,2023-01-21,2023-02-26,Lost,0
O00662,A0072,OmniAnalytics,Closed Won,255250.0,2023-02-25,2023-04-11,Won,100
O00663,A0113,OmniBill,Closed Lost,617410.0,2023-03-15,2023-06-28,Lost,0
O00664,,OmniBill,Prospecting,885530.0,2024-09-07,,Open,10
O00665,A0054,OmniRecord,Closed Lost,2874970.0,2023-10-24,2023-12-07,Lost,0
O00666,A0068,OmniRecord,Qualification,266480.0,2024-04-14,,Open,30
O00667,A0011,OmniAnalytics,Closed Lost,2904910.0,2023-03-18,2023-04-24,Lost,0
O00668,A0090,OmniAnalytics,Prospecting,690230.0,2024-01-09,,Open,10
O00669,A0187,OmniTelemed,Closed Won,1394340.0,2023-11-21,2023-12-30,Won,100
O00670,A0100,OmniPortal,Prospecting,2323760.0,2024-03-31,,Open,10
O00671,A0092,OmniRecord,Proposal,392250.0,2024-06-18,,Open,50
O00672,A0059,OmniAnalytics,Prospecting,1029790.0,2023-01-22,,Open,10
O00673,A0146,OmniAnalytics,Prospecting,834210.0,2023-05-15,,Open,10
O00674,A0118,OmniPortal,Prospecting,2071630.0,2023-03-08,,Open,10
O00675,,OmniBill,Closed Won,1195430.0,2023-04-18,2023-08-11,Won,100
O00676,A0032,OmniRecord,Prospecting,2726280.0,2024-03-20,,Open,10
O00677,A0045,OmniPortal,Prospecting,805360.0,2024-01-14,,Open,10
O00678,A0158,OmniBill,Proposal,379990.0,2024-02-07,,Open,50
O00679,A0027,OmniPortal,Proposal,80730.0,2023-09-18,,Open,50
O00680,A0179,OmniPortal,Qualification,2843790.0,2023-12-23,,Open,30
O00681,A0056,OmniRecord,Closed Lost,156300.0,2023-07-24,2023-12-28,Lost,0
O00682,A0020,OmniBill,Qualification,70340.0,2023-05-29,,Open,30
O00683,A0083,OmniRecord,Closed Won,1961460.0,2023-11-10,2024-03-01,Won,100
O00684,A0186,OmniBill,Proposal,2782900.0,2024-07-15,,Open,50
O00685,A0133,OmniPortal,Closed Lost,2383950.0,2024-09-16,2025-02-02,Lost,0
O00686,A0173,OmniTelemed,Qualification,0.0,2023-08-24,,Open,30
O00687,A0061,OmniPortal,Prospecting,342450.0,2023-01-16,,Open,10
O00688,A0150,OmniTelemed,Closed Won,750780.0,2023-03-18,2023-05-12,Won,100
O00689,A0198,OmniAnalytics,Prospecting,125930.0,2024-09-01,,Open,10
O00690,A0157,OmniTelemed,Prospecting,535990.0,2024-10-01,,Open,10
O00691,A0116,OmniRecord,Closed Won,450370.0,2024-12-18,2025-03-05,Won,100
O00692,A0133,OmniTelemed,Negotiation,2579980.0,2023-11-10,,Open,70
O00693,A0188,OmniRecord,Proposal,2144440.0,2023-09-21,,Open,50
O00694,A0160,OmniBill,Proposal,830830.0,2023-07-16,,Open,50
O00695,A0077,OmniAnalytics,Prospecting,488520.0,2024-03-12,,Open,10
O00696,A0067,OmniBill,Negotiation,766400.0,2024-12-27,,Open,70
O00697,A0111,OmniTelemed,Negotiation,2527550.0,2023-10-13,,Open,70
O00698,A0141,OmniRecord,Prospecting,160700.0,2023-03-13,,Open,10
O00699,A0197,OmniBill,Closed Won,1939600.0,2023-05-19,2023-10-15,Won,100
O00700,A0038,OmniAnalytics,Qualification,106730.0,2024-03-12,,Open,30
O00701,A0127,OmniPortal,Negotiation,1871720.0,2023-08-28,,Open,70
O00702,A0170,OmniPortal,Negotiation,1403380.0,2023-03-10,,Open,70
O00703,A0003,OmniPortal,Prospecting,1556510.0,2023-05-18,,Open,10
O00704,A0065,OmniRecord,Closed Won,1848550.0,2023-08-17,2023-12-16,Won,100
O00705,A0022,OmniBill,Qualification,2240070.0,2023-04-10,,Open,30
O00706,A0091,OmniPortal,Closed Won,576320.0,2024-07-29,2024-10-13,Won,100
O00707,A0172,OmniBill,Negotiation,1186770.0,2024-12-28,,Open,70
O00708,A0100,OmniBill,Prospecting,292920.0,2023-06-04,,Open,10
O00709,A0151,OmniAnalytics,Closed Lost,395550.0,2023-05-24,2023-09-28,Lost,0
O00710,A0165,OmniPortal,Prospecting,2650760.0,2024-07-29,,Open,10
O00711,A0108,OmniTelemed,Negotiation,2338860.0,2023-03-31,,Open,70
O00712,A0006,OmniTelemed,Proposal,54850.0,2023-09-03,,Open,50
O00713,A0160,OmniRecord,Closed Lost,1725560.0,2024-11-05,2025-04-06,Lost,0
O00714,A0101,OmniPortal,Qualification,2284360.0,2023-01-22,,Open,30
O00715,A0199,OmniTelemed,Negotiation,724150.0,2023-07-31,,Open,70
O00716,A0056,OmniTelemed,Closed Won,1962100.0,2023-12-21,2024-01-31,Won,100
O00717,A0101,OmniPortal,Closed Lost,1242990.0,2024-05-20,2024-10-06,Lost,0
O00718,A0003,OmniAnalytics,Proposal,108410.0,2024-10-23,,Open,50
O00719,A0007,OmniRecord,Proposal,2502860.0,2023-02-19,,Open,50
O00720,A0174,OmniTelemed,Prospecting,1667780.0,2023-02-14,,Open,10
O00721,A0107,OmniTelemed,Qualification,1114090.0,2024-12-09,,Open,30
O00722,A0182,OmniTelemed,Closed Won,2496880.0,2023-12-26,2024-04-28,Won,100
O00723,A0111,OmniAnalytics,Proposal,2409960.0,2024-08-22,,Open,50
O00724,A0147,OmniAnalytics,Prospecting,2540460.0,2023-09-25,,Open,10
O00725,A0055,OmniPortal,Prospecting,1207690.0,2024-01-16,,Open,10
O00726,A0004,OmniBill,Closed Won,1925300.0,2024-08-21,2024-09-30,Won,100
O00727,A0113,OmniPortal,Prospecting,1764720.0,2024-10-07,,Open,10
O00728,A0130,OmniRecord,Closed Lost,2699850.0,2023-11-14,2024-04-29,Lost,0
O00729,A0054,OmniPortal,Negotiation,1589540.0,2024-09-16,,Open,70
O00730,A0004,OmniBill,Qualification,2520880.0,2023-04-06,,Open,30
O00731,A0116,OmniPortal,Proposal,1712300.0,2024-12-13,,Open,50
O00732,A0024,OmniRecord,Negotiation,1334590.0,2023-12-07,,Open,70
O00733,A0096,OmniRecord,Closed Lost,2990640.0,2023-02-11,2023-05-23,Lost,0
O00734,A0049,OmniPortal,Proposal,1942970.0,2023-07-23,,Open,50
O00735,A0189,OmniRecord,Proposal,2464650.0,2023-12-29,,Open,50
O00736,A0166,OmniBill,Qualification,1881340.0,2023-02-23,,Open,30
O00737,A0184,OmniTelemed,Qualification,2478570.0,2024-02-08,,Open,30
O00738,A0010,OmniBill,Closed Won,223720.0,2024-03-10,2024-08-13,Won,100
O00739,A0075,OmniTelemed,Negotiation,1354210.0,2024-01-04,,Open,70
O00740,A0102,OmniPortal,Proposal,2567600.0,2023-11-29,,Open,50
O00741,A0020,OmniAnalytics,Qualification,813200.0,2024-12-16,,Open,30
O00742,A0127,OmniAnalytics,Qualification,1815450.0,2023-05-20,,Open,30
O00743,A0128,OmniRecord,Closed Won,358730.0,2023-02-28,2023-07-25,Won,100
O00744,A0140,OmniRecord,Closed Lost,126020.0,2024-05-19,2024-11-03,Lost,0
O00745,A0023,OmniRecord,Prospecting,59020.0,2024-10-11,,Open,10
O00746,A0037,OmniRecord,Closed Won,499070.0,2023-09-03,2023-12-07,Won,100
O00747,A0025,OmniPortal,Prospecting,1811970.0,2024-09-21,,Open,10
O00748,A0007,OmniTelemed,Negotiation,1075110.0,2024-12-22,,Open,70
O00749,A0134,OmniTelemed,Proposal,385620.0,2024-02-15,,Open,50
O00750,A0103,OmniRecord,Closed Won,104510.0,2024-02-10,2024-05-16,Won,100
O00751,A0080,OmniAnalytics,Closed Won,191530.0,2023-08-17,2023-11-28,Won,100
O00752,A0191,OmniPortal,Closed Lost,270930.0,2024-10-24,2024-12-29,Lost,0
O00753,A0033,OmniBill,Negotiation,2084960.0,2024-03-30,,Open,70
O00754,A0034,OmniPortal,Prospecting,105030.0,2023-10-03,,Open,10
O00755,A0200,OmniRecord,Qualification,2186300.0,2023-01-20,,Open,30
O00756,A0191,OmniBill,Closed Won,1966590.0,2024-02-27,2024-06-27,Won,100
O00757,A0185,OmniAnalytics,Closed Won,469240.0,2023-04-04,2023-09-16,Won,100
O00758,A0151,OmniAnalytics,Negotiation,1645740.0,2024-02-15,,Open,70
O00759,A0065,OmniTelemed,Closed Won,2698100.0,2023-07-16,2024-01-11,Won,100
O00760,A0116,OmniAnalytics,Proposal,611070.0,2024-09-13,,Open,50
O00761,A0017,OmniTelemed,Prospecting,569860.0,2024-07-08,,Open,10
O00762,A0076,OmniTelemed,Negotiation,1261330.0,2024-10-16,,Open,70
O00763,A0078,OmniAnalytics,Proposal,710380.0,2023-08-18,,Open,50
O00764,A0172,OmniPortal,Qualification,1164340.0,2024-10-21,,Open,30
O00765,A0166,OmniRecord,Closed Won,2909020.0,2023-03-05,2023-08-13,Won,100
O00766,A0085,OmniPortal,Proposal,707040.0,2024-04-24,,Open,50
O00767,A0155,OmniAnalytics,Negotiation,1207420.0,2023-08-10,,Open,70
O00768,A0027,OmniTelemed,Closed Lost,692560.0,2023-09-19,2023-12-04,Lost,0
O00769,A0182,OmniTelemed,Prospecting,88430.0,2023-10-20,,Open,10
O00770,A0152,OmniBill,Closed Lost,1487250.0,2023-12-17,2024-02-25,Lost,0
O00771,A0052,OmniAnalytics,Negotiation,2187110.0,2024-11-05,,Open,70
O00772,A0021,OmniAnalytics,Prospecting,2379000.0,2023-06-13,,Open,10
O00773,A0029,OmniPortal,Negotiation,1239560.0,2023-01-05,,Open,70
O00774,A0134,OmniTelemed,Negotiation,180460.0,2023-01-21,,Open,70
O00775,A0097,OmniPortal,Proposal,1541740.0,2024-09-28,,Open,50
O00776,A0115,OmniTelemed,Closed Lost,522190.00000000006,2023-11-14,2024-01-16,Lost,0
O00777,A0189,OmniAnalytics,Negotiation,1113570.0,2023-05-14,,Open,70
O00778,A0194,OmniTelemed,Qualification,1692540.0,2023-12-04,,Open,30
O00779,A0065,OmniRecord,Closed Lost,1994140.0,2023-10-29,2024-02-22,Lost,0
O00780,A0005,OmniBill,Closed Won,1674080.0,2023-07-18,2023-12-29,Won,100
O00781,A0051,OmniAnalytics,Negotiation,-10000.0,2024-02-04,,Open,70
O00782,A0155,OmniRecord,Closed Won,403420.0,2023-09-21,2024-01-04,Won,100
O00783,A0156,OmniTelemed,Negotiation,2989480.0,2023-05-21,,Open,70
O00784,A0155,OmniPortal,Proposal,2965230.0,2023-07-07,,Open,50
O00785,A0176,OmniTelemed,Closed Lost,25.0,2023-03-20,2023-07-16,Lost,0
O00786,A0170,OmniBill,Prospecting,1464150.0,2024-04-22,,Open,10
O00787,A0154,OmniRecord,Closed Won,175220.0,2023-10-26,2024-04-07,Won,100
O00788,A0179,OmniPortal,Closed Won,1303250.0,2023-01-24,2023-03-14,Won,100
O00789,A0092,OmniRecord,Closed Won,2146820.0,2024-10-14,2025-01-09,Won,100
O00790,A0062,OmniAnalytics,Proposal,257800.0,2024-09-12,,Open,50
O00791,A0136,OmniBill,Closed Won,2975760.0,2023-09-15,2024-01-11,Won,100
O00792,A0070,OmniRecord,Closed Won,665770.0,2024-05-23,2024-11-12,Won,100
O00793,A0134,OmniRecord,Proposal,1969280.0,2024-12-26,,Open,50
O00794,A0079,OmniBill,Proposal,119720.0,2023-11-12,,Open,50
O00795,A0057,OmniTelemed,Qualification,185180.0,2023-07-24,,Open,30
O00796,A0153,OmniAnalytics,Closed Lost,225730.0,2024-12-29,2025-02-11,Lost,0
O00797,A0114,OmniTelemed,Negotiation,1369350.0,2023-12-07,,Open,70
O00798,A0086,OmniRecord,Prospecting,2343040.0,2023-07-14,,Open,10
O00799,,OmniAnalytics,Negotiation,2396510.0,2024-10-14,,Open,70
O00800,A0162,OmniPortal,Closed Lost,225960.0,2023-08-14,2023-12-22,Lost,0
